VisitorID,Visits,PageViews,Hits,TotalHits,HitNumber,a_diffdays_latest,a_diffdays_oldest,Device,Sistema,Morning Visits,DaytimeVisits,Evening Visits,Midnight Visits,Goal1,Goal2,Goal3,Conversion
1,4,5,10,34,4,24,27,DESKTOP,WINDOWS,0,1,0,3,0,0,0,FALSE
2,1,1,2,1,1,24,24,DESKTOP,WINDOWS,0,0,1,0,0,0,0,FALSE
3,1,1,2,1,1,24,24,DESKTOP,WINDOWS,1,0,0,0,0,0,0,FALSE
4,3,4,8,97,5,11,42,DESKTOP,WINDOWS,0,0,0,3,0,0,0,FALSE
5,1,1,2,2,1,24,24,DESKTOP,WINDOWS,0,1,0,0,0,0,0,FALSE
6,1,1,1,1,1,24,24,DESKTOP,WINDOWS,0,0,1,0,0,0,0,FALSE
7,1,1,2,2,1,24,24,DESKTOP,WINDOWS,0,1,0,0,0,0,0,FALSE
8,1,1,2,3,1,24,24,DESKTOP,MAC-OS,0,0,1,0,1,0,0,FALSE
9,1,1,2,2,1,24,24,DESKTOP,WINDOWS,0,0,1,0,0,0,0,FALSE
10,1,1,2,1,1,24,24,DESKTOP,WINDOWS,1,0,0,0,0,0,0,FALSE
11,1,1,2,1,1,4,4,MOBILE,IOS,1,0,0,0,0,0,0,FALSE
12,1,1,2,1,1,4,4,DESKTOP,WINDOWS,0,0,1,0,0,0,0,FALSE
13,1,1,2,2,1,4,4,DESKTOP,WINDOWS,0,1,0,0,0,0,0,FALSE
14,1,1,2,1,1,4,4,DESKTOP,WINDOWS,0,0,0,1,0,0,0,TRUE
15,1,1,2,1,1,4,4,DESKTOP,WINDOWS,0,1,0,0,0,0,0,TRUE
16,1,1,2,4,1,4,4,DESKTOP,WINDOWS,0,0,1,0,0,0,0,TRUE
17,1,1,2,10,1,4,4,DESKTOP,WINDOWS,0,0,1,0,0,0,0,FALSE
18,1,4,5,62,1,4,4,DESKTOP,WINDOWS,1,0,0,0,0,0,0,FALSE
19,1,1,2,1,1,4,4,DESKTOP,WINDOWS,0,0,1,0,0,0,0,FALSE
20,1,1,1,1,1,4,4,DESKTOP,Linux,0,0,0,1,0,0,0,FALSE
21,1,1,1,1,1,4,4,DESKTOP,WINDOWS,1,0,0,0,0,0,0,FALSE
22,1,2,3,17,1,4,4,MOBILE,IOS,0,1,0,0,0,0,0,FALSE
23,4,3,7,4,4,4,5,DESKTOP,WINDOWS,0,4,0,0,0,0,0,TRUE
24,1,1,2,1,1,4,4,DESKTOP,WINDOWS,0,0,1,0,0,0,0,FALSE
25,1,1,2,1,1,4,4,DESKTOP,WINDOWS,0,0,0,1,0,0,0,TRUE
26,1,1,2,1,1,4,4,DESKTOP,WINDOWS,0,0,1,0,0,0,0,TRUE
27,1,1,2,1,1,11,11,DESKTOP,WINDOWS,0,1,0,0,0,0,0,FALSE
28,1,1,2,1,1,11,11,DESKTOP,WINDOWS,1,0,0,0,0,0,0,FALSE
29,1,1,2,3,1,11,11,DESKTOP,WINDOWS,0,0,1,0,0,0,0,FALSE
30,1,1,2,9,1,11,11,DESKTOP,WINDOWS,0,0,0,1,0,0,0,TRUE
31,1,1,1,1,1,11,11,DESKTOP,WINDOWS,0,0,1,0,0,0,0,TRUE
32,1,1,2,1,1,11,11,DESKTOP,MAC-OS,0,0,1,0,0,0,0,FALSE
33,1,1,3,2,3,11,11,DESKTOP,WINDOWS,0,1,0,0,0,0,0,FALSE
34,1,1,2,1,1,11,11,DESKTOP,WINDOWS,0,1,0,0,0,0,0,FALSE
35,1,2,4,49,3,11,11,DESKTOP,MAC-OS,0,1,0,0,0,0,0,TRUE
36,1,1,1,1,1,11,11,DESKTOP,WINDOWS,0,1,0,0,0,0,0,FALSE
37,1,1,2,25,1,11,11,DESKTOP,WINDOWS,0,1,0,0,0,0,0,FALSE
38,1,1,2,1,1,11,11,DESKTOP,WINDOWS,0,1,0,0,0,0,0,FALSE
39,1,1,2,1,1,11,11,DESKTOP,WINDOWS,0,1,0,0,0,0,0,FALSE
40,1,1,2,2,1,11,11,DESKTOP,WINDOWS,1,0,0,0,0,0,0,FALSE
41,2,2,5,11,2,11,12,DESKTOP,WINDOWS,0,1,1,0,0,0,0,FALSE
42,1,1,2,1,1,11,11,DESKTOP,WINDOWS,1,0,0,0,0,0,0,FALSE
43,1,1,2,2,1,11,11,DESKTOP,WINDOWS,0,1,0,0,0,0,0,FALSE
44,1,1,2,1,1,11,11,DESKTOP,WINDOWS,1,0,0,0,0,0,0,FALSE
45,1,1,2,1,1,11,11,DESKTOP,WINDOWS,0,0,1,0,0,0,0,FALSE
46,12,12,24,31,12,3,35,DESKTOP,WINDOWS,3,0,0,9,0,0,0,TRUE
47,1,1,2,3,1,11,11,DESKTOP,WINDOWS,0,1,0,0,0,0,0,FALSE
48,1,1,2,5,1,11,11,DESKTOP,WINDOWS,0,1,0,0,0,0,0,FALSE
49,1,1,2,2,1,11,11,DESKTOP,WINDOWS,1,0,0,0,0,0,0,FALSE
50,1,1,2,2,1,17,17,DESKTOP,MAC-OS,0,0,0,1,0,0,0,TRUE
51,1,1,2,1,1,17,17,DESKTOP,WINDOWS,0,0,1,0,0,0,0,FALSE
52,1,1,2,1,1,17,17,DESKTOP,WINDOWS,0,0,1,0,0,0,0,FALSE
53,1,1,1,1,1,17,17,TABLET,IOS,0,0,1,0,0,0,0,TRUE
54,1,1,2,1,1,17,17,DESKTOP,WINDOWS,0,1,0,0,0,0,0,FALSE
55,1,1,2,10,1,17,17,DESKTOP,WINDOWS,0,0,0,1,0,0,0,FALSE
56,1,1,2,1,1,17,17,DESKTOP,WINDOWS,0,0,1,0,0,0,0,FALSE
57,1,1,1,1,1,17,17,DESKTOP,WINDOWS,0,0,1,0,0,0,0,FALSE
58,1,1,2,1,1,31,31,DESKTOP,WINDOWS,1,0,0,0,0,0,0,FALSE
59,1,1,1,1,1,31,31,DESKTOP,WINDOWS,1,0,0,0,0,0,0,FALSE
60,1,1,2,1,1,31,31,DESKTOP,WINDOWS,0,1,0,0,0,0,0,FALSE
61,1,1,2,1,1,31,31,DESKTOP,WINDOWS,0,0,0,1,0,0,0,FALSE
62,1,1,2,1,1,31,31,DESKTOP,MAC-OS,0,0,1,0,0,0,0,FALSE
63,1,1,2,1,1,31,31,DESKTOP,WINDOWS,0,0,0,1,0,0,0,FALSE
64,1,1,2,5,1,31,31,DESKTOP,WINDOWS,0,0,1,0,0,0,0,FALSE
65,1,1,2,1,1,31,31,DESKTOP,WINDOWS,1,0,0,0,0,0,0,FALSE
66,1,1,2,1,1,31,31,DESKTOP,WINDOWS,0,1,0,0,0,0,0,FALSE
67,1,1,2,1,1,38,38,DESKTOP,WINDOWS,0,0,0,1,0,0,0,FALSE
68,1,1,2,1,1,38,38,DESKTOP,WINDOWS,0,0,1,0,0,0,0,FALSE
69,1,1,2,1,1,38,38,DESKTOP,WINDOWS,0,1,0,0,0,0,0,FALSE
70,1,1,2,5,1,38,38,DESKTOP,WINDOWS,0,1,0,0,0,0,0,FALSE
71,1,1,2,3,1,38,38,DESKTOP,WINDOWS,0,0,1,0,0,0,0,FALSE
72,1,1,2,1,1,38,38,DESKTOP,WINDOWS,0,1,0,0,0,0,0,FALSE
73,1,1,2,2,1,38,38,DESKTOP,WINDOWS,0,0,1,0,0,0,0,FALSE
74,1,1,2,1,1,38,38,DESKTOP,WINDOWS,0,0,1,0,0,0,0,FALSE
75,1,2,4,325,3,38,38,DESKTOP,WINDOWS,0,0,1,0,0,0,0,FALSE
76,1,1,2,1,1,38,38,DESKTOP,WINDOWS,1,0,0,0,0,0,0,FALSE
77,2,1,4,1,3,38,38,DESKTOP,WINDOWS,0,0,2,0,0,0,0,FALSE
78,2,2,4,2,2,38,38,DESKTOP,WINDOWS,0,2,0,0,0,0,0,FALSE
79,1,1,2,1,1,45,45,DESKTOP,WINDOWS,0,1,0,0,0,0,0,FALSE
80,1,1,2,1,1,45,45,DESKTOP,MAC-OS,0,0,1,0,0,0,0,FALSE
81,1,1,2,3,1,45,45,DESKTOP,WINDOWS,0,0,1,0,0,0,0,FALSE
82,1,1,1,1,1,45,45,DESKTOP,WINDOWS,0,0,0,1,0,0,0,FALSE
83,3,5,11,27,7,45,45,DESKTOP,WINDOWS,2,1,0,0,0,0,0,FALSE
84,1,1,2,1,2,45,45,DESKTOP,WINDOWS,0,1,0,0,0,0,0,FALSE
85,1,1,2,4,1,45,45,DESKTOP,WINDOWS,0,1,0,0,0,0,0,FALSE
86,2,4,8,115,4,1,15,DESKTOP,WINDOWS,0,0,2,0,0,1,1,TRUE
87,1,1,2,1,1,15,15,DESKTOP,WINDOWS,1,0,0,0,0,0,0,FALSE
88,2,4,8,32,4,15,15,DESKTOP,WINDOWS,2,0,0,0,0,0,0,FALSE
89,1,1,2,1,1,15,15,DESKTOP,WINDOWS,0,0,0,1,0,0,0,FALSE
90,2,4,6,421,2,15,15,DESKTOP,WINDOWS,0,2,0,0,0,0,0,FALSE
91,1,2,4,22,3,15,15,DESKTOP,WINDOWS,0,0,1,0,0,0,0,FALSE
92,1,1,1,1,1,15,15,DESKTOP,WINDOWS,0,1,0,0,0,0,0,FALSE
93,1,1,2,2,1,15,15,DESKTOP,WINDOWS,1,0,0,0,0,0,0,FALSE
94,6,23,46,1253,28,15,15,DESKTOP,WINDOWS,0,6,0,0,0,0,0,FALSE
95,1,1,2,6,1,15,15,DESKTOP,WINDOWS,0,0,1,0,0,0,0,FALSE
96,1,2,3,37,1,15,15,DESKTOP,WINDOWS,1,0,0,0,0,0,0,FALSE
97,1,1,1,1,1,15,15,DESKTOP,WINDOWS,0,1,0,0,0,0,0,FALSE
98,1,1,2,1,1,15,15,DESKTOP,WINDOWS,0,0,0,1,0,0,0,FALSE
99,1,1,2,2,1,15,15,DESKTOP,WINDOWS,0,0,1,0,0,0,0,FALSE
100,1,2,3,165,1,15,15,DESKTOP,WINDOWS,1,0,0,0,0,0,0,FALSE
101,1,1,2,1,1,15,15,DESKTOP,WINDOWS,0,1,0,0,0,0,0,FALSE
102,1,1,2,1,1,15,15,DESKTOP,WINDOWS,0,0,1,0,0,0,0,FALSE
103,1,1,2,1,1,15,15,DESKTOP,WINDOWS,0,1,0,0,0,0,0,TRUE
104,1,1,2,13,1,15,15,DESKTOP,WINDOWS,0,1,0,0,0,0,0,FALSE
105,1,2,4,42,3,15,15,DESKTOP,WINDOWS,0,0,1,0,0,0,0,TRUE
106,1,1,2,1,1,15,15,DESKTOP,WINDOWS,0,1,0,0,0,0,0,FALSE
107,1,1,2,1,1,15,15,DESKTOP,WINDOWS,1,0,0,0,0,0,0,FALSE
108,1,1,2,2,1,15,15,DESKTOP,WINDOWS,0,0,0,1,0,0,0,FALSE
109,1,1,1,1,1,15,15,DESKTOP,WINDOWS,0,1,0,0,0,0,0,FALSE
110,1,1,2,1,1,15,15,DESKTOP,WINDOWS,1,0,0,0,0,0,0,FALSE
111,1,1,2,1,1,15,15,DESKTOP,WINDOWS,0,1,0,0,0,0,0,FALSE
112,1,2,4,27,3,15,15,DESKTOP,WINDOWS,0,1,0,0,0,0,0,FALSE
113,1,2,3,87,2,15,15,DESKTOP,WINDOWS,0,1,0,0,0,0,0,TRUE
114,1,2,4,27,3,15,15,DESKTOP,WINDOWS,0,1,0,0,0,0,0,TRUE
115,1,1,2,1,1,15,15,DESKTOP,WINDOWS,0,1,0,0,0,0,0,FALSE
116,1,1,2,3,1,15,15,DESKTOP,WINDOWS,0,0,1,0,0,0,0,FALSE
117,1,1,2,1,1,15,15,DESKTOP,MAC-OS,1,0,0,0,0,0,0,FALSE
118,10,10,20,10,10,5,43,DESKTOP,WINDOWS,1,5,4,0,0,0,0,TRUE
119,2,2,4,1,2,9,9,DESKTOP,WINDOWS,2,0,0,0,0,0,0,FALSE
120,1,1,2,2,1,9,9,DESKTOP,WINDOWS,0,1,0,0,0,0,0,FALSE
121,18,18,36,98,18,1,44,DESKTOP,WINDOWS,9,9,0,0,0,0,0,TRUE
122,1,1,2,1,1,9,9,DESKTOP,WINDOWS,1,0,0,0,0,0,0,TRUE
123,1,1,2,1,1,9,9,DESKTOP,WINDOWS,0,1,0,0,0,0,0,FALSE
124,1,1,2,3,1,9,9,DESKTOP,WINDOWS,0,0,0,1,0,0,0,TRUE
125,1,1,2,1,1,9,9,DESKTOP,WINDOWS,0,1,0,0,0,0,0,FALSE
126,1,1,2,49,1,9,9,DESKTOP,WINDOWS,1,0,0,0,0,0,0,FALSE
127,1,1,2,1,1,9,9,DESKTOP,WINDOWS,0,1,0,0,0,0,0,FALSE
128,1,1,2,1,1,9,9,DESKTOP,WINDOWS,0,0,1,0,0,0,0,FALSE
129,1,1,2,1,1,9,9,DESKTOP,WINDOWS,0,1,0,0,0,0,0,FALSE
130,1,1,2,1,1,9,9,DESKTOP,WINDOWS,0,0,1,0,1,0,0,FALSE
131,1,1,1,1,1,9,9,MOBILE,IOS,0,0,0,1,0,0,0,FALSE
132,1,1,2,2,1,9,9,DESKTOP,WINDOWS,0,1,0,0,0,0,0,TRUE
133,1,1,2,1,1,9,9,DESKTOP,WINDOWS,0,1,0,0,0,0,0,FALSE
134,1,1,2,2,1,9,9,DESKTOP,WINDOWS,0,1,0,0,0,0,0,FALSE
135,1,1,2,1,1,9,9,DESKTOP,WINDOWS,0,1,0,0,0,0,0,FALSE
136,2,2,6,10,4,9,9,DESKTOP,WINDOWS,0,0,2,0,0,0,0,FALSE
137,1,2,4,306,3,9,9,DESKTOP,MAC-OS,0,1,0,0,0,0,0,TRUE
138,2,2,4,5,2,9,33,DESKTOP,WINDOWS,1,1,0,0,0,0,0,FALSE
139,1,1,2,1,1,9,9,DESKTOP,WINDOWS,0,1,0,0,0,0,0,TRUE
140,1,1,2,1,1,9,9,DESKTOP,WINDOWS,0,1,0,0,0,0,0,TRUE
141,1,1,2,2,1,9,9,DESKTOP,WINDOWS,0,1,0,0,0,0,0,TRUE
142,1,1,2,1,1,9,9,DESKTOP,WINDOWS,0,0,1,0,0,1,0,TRUE
143,1,1,2,1,1,9,9,DESKTOP,WINDOWS,1,0,0,0,0,0,0,FALSE
144,1,1,2,6,1,9,9,DESKTOP,WINDOWS,0,1,0,0,0,0,0,TRUE
145,1,1,2,1,1,9,9,DESKTOP,WINDOWS,0,0,1,0,0,0,0,FALSE
146,1,1,1,1,1,9,9,DESKTOP,WINDOWS,1,0,0,0,0,0,0,TRUE
147,1,1,2,2,1,9,9,DESKTOP,WINDOWS,0,0,1,0,0,0,0,FALSE
148,2,2,4,2,2,43,43,DESKTOP,WINDOWS,1,0,1,0,0,0,0,FALSE
149,1,4,6,73,5,43,43,MOBILE,ANDROID,0,0,1,0,0,0,0,FALSE
150,1,3,4,399,1,43,43,DESKTOP,WINDOWS,0,1,0,0,0,0,0,FALSE
151,2,4,8,392,4,43,43,DESKTOP,WINDOWS,0,2,0,0,2,0,0,FALSE
152,1,1,2,1,1,43,43,DESKTOP,WINDOWS,0,0,1,0,0,0,0,FALSE
153,1,1,2,1,1,43,43,DESKTOP,WINDOWS,1,0,0,0,0,0,0,FALSE
154,2,2,6,22,3,43,43,DESKTOP,WINDOWS,0,2,0,0,0,0,0,FALSE
155,1,1,2,2,1,43,43,DESKTOP,MAC-OS,0,0,1,0,0,0,0,FALSE
156,1,3,6,645,5,43,43,DESKTOP,WINDOWS,0,1,0,0,0,0,0,FALSE
157,1,1,2,1,1,43,43,DESKTOP,WINDOWS,0,1,0,0,0,0,0,FALSE
158,2,4,8,2614,4,43,43,DESKTOP,WINDOWS,0,2,0,0,0,0,0,FALSE
159,1,2,4,36,3,43,43,DESKTOP,WINDOWS,1,0,0,0,0,0,0,FALSE
160,1,2,4,26,1,43,43,DESKTOP,WINDOWS,0,1,0,0,0,0,0,FALSE
161,1,1,2,1,1,43,43,DESKTOP,WINDOWS,0,1,0,0,0,0,0,FALSE
162,1,3,5,89,3,43,43,DESKTOP,WINDOWS,1,0,0,0,0,0,0,FALSE
163,1,1,2,5,1,43,43,DESKTOP,WINDOWS,0,1,0,0,0,0,0,FALSE
164,2,3,5,32,2,33,43,DESKTOP,MAC-OS,0,2,0,0,0,0,0,FALSE
165,1,1,2,5,1,43,43,DESKTOP,WINDOWS,0,0,1,0,0,0,0,FALSE
166,1,1,2,1,1,43,43,DESKTOP,WINDOWS,1,0,0,0,0,0,0,FALSE
167,1,1,2,1,1,43,43,DESKTOP,WINDOWS,0,0,1,0,0,0,0,FALSE
168,1,1,2,3,1,43,43,DESKTOP,WINDOWS,0,1,0,0,0,0,0,FALSE
169,1,1,2,1,1,43,43,DESKTOP,WINDOWS,0,1,0,0,0,0,0,FALSE
170,1,1,2,1,1,43,43,DESKTOP,MAC-OS,0,0,0,1,0,0,0,FALSE
171,2,4,8,36,4,43,43,DESKTOP,WINDOWS,0,2,0,0,0,0,0,FALSE
172,1,1,2,1,1,43,43,DESKTOP,WINDOWS,0,0,1,0,0,0,0,FALSE
173,26,26,64,8240,38,1,47,DESKTOP,WINDOWS,10,4,12,0,0,0,0,TRUE
174,1,2,4,14,1,43,43,TABLET,IOS,0,1,0,0,0,0,0,FALSE
175,1,1,2,2,1,43,43,DESKTOP,WINDOWS,0,1,0,0,0,0,0,FALSE
176,1,1,2,1,1,43,43,DESKTOP,WINDOWS,0,1,0,0,0,0,0,FALSE
177,1,1,2,1,1,43,43,DESKTOP,WINDOWS,0,0,1,0,0,0,0,FALSE
178,1,1,2,9,1,43,43,DESKTOP,WINDOWS,0,1,0,0,0,0,0,FALSE
179,1,1,2,1,1,43,43,DESKTOP,WINDOWS,0,1,0,0,0,0,0,FALSE
180,1,1,1,1,1,43,43,DESKTOP,WINDOWS,0,1,0,0,0,0,0,FALSE
181,1,1,2,1,1,43,43,DESKTOP,WINDOWS,0,0,1,0,0,0,0,FALSE
182,1,2,3,86,1,43,43,DESKTOP,WINDOWS,0,1,0,0,0,0,0,FALSE
183,1,1,2,3,1,43,43,DESKTOP,WINDOWS,0,1,0,0,0,0,0,FALSE
184,2,3,6,683,4,42,43,DESKTOP,WINDOWS,0,2,0,0,0,0,0,FALSE
185,1,1,2,1,1,43,43,DESKTOP,WINDOWS,0,1,0,0,0,0,0,FALSE
186,12,14,28,2520,14,21,47,DESKTOP,WINDOWS,7,5,0,0,0,0,0,TRUE
187,2,2,4,2,2,43,43,DESKTOP,WINDOWS,0,2,0,0,2,0,0,FALSE
188,4,4,8,6,4,7,43,DESKTOP,WINDOWS,3,1,0,0,0,0,0,TRUE
189,1,1,1,1,1,43,43,DESKTOP,WINDOWS,0,0,0,1,0,0,0,FALSE
190,2,4,8,3142,4,43,43,DESKTOP,WINDOWS,0,1,1,0,2,0,0,FALSE
191,1,1,2,2,1,43,43,DESKTOP,WINDOWS,1,0,0,0,1,0,0,FALSE
192,1,1,2,1,2,43,43,DESKTOP,WINDOWS,1,0,0,0,0,0,0,FALSE
193,5,13,26,1820,13,2,12,DESKTOP,WINDOWS,0,0,5,0,0,0,0,FALSE
194,1,1,2,1,1,2,2,DESKTOP,WINDOWS,0,1,0,0,0,0,0,TRUE
195,1,1,2,2,1,2,2,DESKTOP,WINDOWS,0,1,0,0,0,0,0,FALSE
196,1,1,2,1,1,2,2,DESKTOP,WINDOWS,0,0,1,0,0,0,0,FALSE
197,3,9,18,51,9,2,2,DESKTOP,WINDOWS,0,3,0,0,0,0,0,TRUE
198,1,1,2,3,1,2,2,DESKTOP,WINDOWS,0,0,1,0,1,0,0,FALSE
199,1,4,8,314,7,2,2,DESKTOP,WINDOWS,0,1,0,0,0,0,0,FALSE
200,1,1,1,1,1,2,2,DESKTOP,WINDOWS,1,0,0,0,0,0,0,TRUE
201,1,1,2,1,1,2,2,TABLET,IOS,0,0,0,1,0,0,1,FALSE
202,1,1,2,1,1,2,2,DESKTOP,WINDOWS,0,1,0,0,0,0,0,FALSE
203,1,1,2,3,1,2,2,TABLET,IOS,0,0,1,0,0,0,0,FALSE
204,1,1,2,1,1,2,2,DESKTOP,WINDOWS,0,0,0,1,0,0,0,FALSE
205,1,1,2,1,1,2,2,DESKTOP,WINDOWS,0,0,1,0,0,0,0,FALSE
206,1,1,2,1,1,2,2,DESKTOP,WINDOWS,0,1,0,0,0,1,0,TRUE
207,3,9,21,408,14,2,2,DESKTOP,WINDOWS,3,0,0,0,0,0,0,FALSE
208,1,1,2,1,1,2,2,DESKTOP,WINDOWS,0,1,0,0,0,0,0,FALSE
209,2,4,8,44,4,2,2,DESKTOP,WINDOWS,2,0,0,0,0,0,0,TRUE
210,1,1,2,1,1,2,2,DESKTOP,WINDOWS,0,0,1,0,0,0,0,FALSE
211,1,1,1,1,1,2,2,DESKTOP,WINDOWS,1,0,0,0,0,0,0,FALSE
212,1,1,2,4,1,2,2,DESKTOP,WINDOWS,0,0,0,1,0,0,0,FALSE
213,2,10,16,838,9,2,2,DESKTOP,WINDOWS,0,2,0,0,0,0,0,TRUE
214,1,1,2,1,1,2,2,DESKTOP,WINDOWS,0,1,0,0,0,0,0,FALSE
215,1,1,2,2,1,2,2,DESKTOP,WINDOWS,0,0,1,0,0,0,0,FALSE
216,1,1,2,3,1,2,2,DESKTOP,WINDOWS,1,0,0,0,0,0,0,FALSE
217,1,1,2,1,1,2,2,DESKTOP,WINDOWS,0,0,0,1,0,0,0,FALSE
218,2,4,8,46,4,2,2,DESKTOP,WINDOWS,0,2,0,0,0,0,0,TRUE
219,1,1,2,3,1,2,2,DESKTOP,WINDOWS,0,1,0,0,0,0,0,TRUE
220,1,1,2,1,1,2,2,DESKTOP,WINDOWS,1,0,0,0,0,0,0,FALSE
221,2,2,4,4,2,2,2,DESKTOP,WINDOWS,0,2,0,0,0,0,0,TRUE
222,1,1,2,1,1,36,36,DESKTOP,WINDOWS,0,0,1,0,0,0,0,FALSE
223,1,3,6,324,1,36,36,DESKTOP,WINDOWS,0,1,0,0,0,0,0,FALSE
224,1,1,2,6,1,36,36,DESKTOP,MAC-OS,0,1,0,0,0,0,0,FALSE
225,1,1,2,5,1,36,36,DESKTOP,WINDOWS,0,1,0,0,1,0,0,FALSE
226,1,1,2,1,1,36,36,DESKTOP,MAC-OS,1,0,0,0,0,0,0,FALSE
227,1,1,2,1,1,36,36,DESKTOP,WINDOWS,0,0,1,0,0,0,0,FALSE
228,5,5,10,86,5,16,42,DESKTOP,WINDOWS,4,1,0,0,0,0,0,FALSE
229,1,1,2,2,1,36,36,DESKTOP,WINDOWS,1,0,0,0,0,0,0,FALSE
230,1,1,2,1,1,36,36,DESKTOP,WINDOWS,0,1,0,0,1,0,0,FALSE
231,2,3,5,85,2,36,42,DESKTOP,WINDOWS,1,1,0,0,0,0,0,FALSE
232,1,1,2,2,1,36,36,DESKTOP,WINDOWS,1,0,0,0,0,0,0,FALSE
233,1,1,2,6,1,36,36,DESKTOP,WINDOWS,0,1,0,0,0,0,0,FALSE
234,1,1,2,1,1,36,36,DESKTOP,WINDOWS,0,1,0,0,0,0,0,FALSE
235,1,1,2,3,1,36,36,TABLET,IOS,0,0,1,0,0,0,0,FALSE
236,1,1,2,1,1,36,36,DESKTOP,WINDOWS,0,1,0,0,0,0,0,FALSE
237,1,1,2,1,1,36,36,DESKTOP,WINDOWS,0,1,0,0,0,0,0,FALSE
238,1,1,2,1,1,36,36,DESKTOP,WINDOWS,0,1,0,0,0,0,0,FALSE
239,1,2,3,135,1,36,36,DESKTOP,WINDOWS,0,1,0,0,0,0,0,FALSE
240,3,3,9,2,3,36,37,DESKTOP,WINDOWS,0,1,2,0,2,0,0,FALSE
241,1,1,2,1,1,36,36,DESKTOP,WINDOWS,0,0,1,0,0,0,0,FALSE
242,1,1,2,1,1,36,36,TABLET,WINDOWS,0,1,0,0,0,0,0,FALSE
243,1,1,2,2,1,36,36,DESKTOP,WINDOWS,0,1,0,0,0,0,0,FALSE
244,1,1,2,1,1,36,36,DESKTOP,WINDOWS,0,0,1,0,0,0,0,FALSE
245,1,1,2,1,1,36,36,DESKTOP,WINDOWS,0,1,0,0,0,0,0,FALSE
246,1,2,4,76,3,36,36,DESKTOP,WINDOWS,0,0,1,0,0,0,0,FALSE
247,1,1,2,2,1,36,36,DESKTOP,WINDOWS,0,0,1,0,0,0,0,FALSE
248,1,1,2,3,1,36,36,DESKTOP,WINDOWS,0,0,1,0,0,0,0,FALSE
249,1,1,2,1,1,36,36,DESKTOP,WINDOWS,0,0,0,1,0,0,0,FALSE
250,1,1,2,1,1,36,36,DESKTOP,WINDOWS,0,1,0,0,0,1,0,FALSE
251,1,1,2,2,1,36,36,DESKTOP,WINDOWS,0,0,1,0,0,0,0,FALSE
252,1,1,2,1,1,36,36,DESKTOP,WINDOWS,0,1,0,0,0,0,0,FALSE
253,1,1,2,3,1,36,36,DESKTOP,WINDOWS,0,1,0,0,0,0,0,FALSE
254,3,4,7,32,3,1,36,DESKTOP,WINDOWS,0,3,0,0,0,0,0,TRUE
255,1,1,2,2,1,36,36,DESKTOP,WINDOWS,1,0,0,0,0,0,0,FALSE
256,1,1,2,2,1,36,36,DESKTOP,WINDOWS,0,1,0,0,0,0,0,FALSE
257,2,2,6,4,4,36,36,DESKTOP,WINDOWS,0,2,0,0,0,0,0,FALSE
258,1,1,2,1,1,36,36,DESKTOP,WINDOWS,0,1,0,0,1,0,0,FALSE
259,1,1,2,3,1,36,36,DESKTOP,WINDOWS,1,0,0,0,0,0,0,FALSE
260,1,1,2,1,1,36,36,DESKTOP,WINDOWS,0,1,0,0,0,0,0,FALSE
261,2,2,4,2,2,35,36,DESKTOP,MAC-OS,0,1,1,0,0,0,0,FALSE
262,1,2,4,396,3,36,36,DESKTOP,WINDOWS,0,1,0,0,0,0,0,FALSE
263,1,1,2,3,1,36,36,DESKTOP,WINDOWS,0,0,1,0,0,0,0,FALSE
264,1,1,2,1,1,36,36,DESKTOP,WINDOWS,0,1,0,0,0,0,0,FALSE
265,1,1,2,1,1,36,36,DESKTOP,WINDOWS,0,1,0,0,0,0,0,FALSE
266,3,9,18,5460,9,36,36,DESKTOP,Linux,0,3,0,0,0,0,0,FALSE
267,2,4,8,58,4,36,36,DESKTOP,WINDOWS,0,2,0,0,0,0,0,FALSE
268,1,1,2,1,1,36,36,DESKTOP,WINDOWS,0,1,0,0,0,0,0,FALSE
269,1,1,2,2,1,36,36,DESKTOP,WINDOWS,0,1,0,0,0,0,0,FALSE
270,1,1,2,1,1,22,22,DESKTOP,WINDOWS,0,1,0,0,0,0,0,FALSE
271,1,1,2,1,1,22,22,DESKTOP,WINDOWS,0,1,0,0,0,0,0,TRUE
272,1,1,2,1,1,22,22,DESKTOP,WINDOWS,0,1,0,0,0,0,0,FALSE
273,1,1,2,19,1,22,22,DESKTOP,WINDOWS,0,0,1,0,0,0,0,FALSE
274,1,1,2,2,1,22,22,DESKTOP,WINDOWS,0,0,1,0,0,0,0,FALSE
275,1,1,2,2,1,22,22,DESKTOP,WINDOWS,1,0,0,0,0,0,0,TRUE
276,3,5,10,305,5,22,22,DESKTOP,WINDOWS,0,3,0,0,0,0,0,FALSE
277,1,1,2,1,1,22,22,DESKTOP,WINDOWS,1,0,0,0,0,0,0,FALSE
278,2,2,4,2,2,22,29,DESKTOP,WINDOWS,0,2,0,0,0,0,0,FALSE
279,1,1,2,1,1,22,22,DESKTOP,WINDOWS,0,0,1,0,0,0,0,FALSE
280,1,1,2,2,1,22,22,DESKTOP,WINDOWS,0,1,0,0,0,0,0,FALSE
281,1,1,2,1,1,22,22,DESKTOP,WINDOWS,0,1,0,0,0,0,0,FALSE
282,2,2,4,2,2,5,22,DESKTOP,WINDOWS,0,1,0,1,0,0,0,FALSE
283,1,1,2,2,1,22,22,DESKTOP,WINDOWS,0,1,0,0,0,0,0,FALSE
284,1,1,2,2,1,22,22,DESKTOP,WINDOWS,0,1,0,0,0,0,0,FALSE
285,1,1,1,1,1,22,22,DESKTOP,WINDOWS,0,1,0,0,0,0,0,FALSE
286,3,3,6,14,3,22,23,DESKTOP,WINDOWS,0,0,3,0,0,0,0,FALSE
287,1,1,2,1,1,22,22,DESKTOP,WINDOWS,0,1,0,0,0,0,0,FALSE
288,1,1,2,6,1,22,22,DESKTOP,WINDOWS,0,1,0,0,0,0,0,FALSE
289,1,1,2,5,1,22,22,DESKTOP,WINDOWS,0,0,1,0,0,0,0,FALSE
290,1,1,2,2,1,22,22,DESKTOP,WINDOWS,0,0,1,0,0,0,0,TRUE
291,1,1,1,1,1,22,22,DESKTOP,WINDOWS,0,1,0,0,0,0,0,FALSE
292,1,2,4,955,3,22,22,DESKTOP,WINDOWS,0,0,1,0,0,0,0,TRUE
293,2,4,8,134,4,22,22,DESKTOP,WINDOWS,0,2,0,0,2,0,0,FALSE
294,1,2,4,35,3,22,22,DESKTOP,WINDOWS,0,0,1,0,0,0,0,TRUE
295,1,1,2,1,1,22,22,DESKTOP,WINDOWS,0,1,0,0,0,0,0,FALSE
296,1,1,2,1,1,22,22,DESKTOP,WINDOWS,0,1,0,0,0,0,0,FALSE
297,1,1,2,1,1,22,22,DESKTOP,WINDOWS,1,0,0,0,0,0,0,FALSE
298,1,1,2,4,1,22,22,DESKTOP,WINDOWS,0,0,1,0,0,0,0,FALSE
299,1,1,2,1,1,22,22,DESKTOP,WINDOWS,0,1,0,0,0,0,0,FALSE
300,1,1,2,3,1,22,22,DESKTOP,WINDOWS,1,0,0,0,0,0,0,FALSE
301,1,1,1,1,1,22,22,DESKTOP,WINDOWS,0,1,0,0,0,0,0,FALSE
302,1,1,2,6,1,22,22,DESKTOP,WINDOWS,0,1,0,0,0,0,0,FALSE
303,1,1,2,1,1,22,22,DESKTOP,WINDOWS,0,0,1,0,0,1,0,FALSE
304,1,1,2,1,1,22,22,DESKTOP,WINDOWS,0,0,1,0,0,0,0,TRUE
305,1,1,2,1,1,22,22,DESKTOP,WINDOWS,0,1,0,0,0,0,0,FALSE
306,1,1,2,1,1,29,29,DESKTOP,WINDOWS,0,0,1,0,0,0,0,FALSE
307,1,1,2,1,1,29,29,DESKTOP,WINDOWS,0,0,1,0,0,0,0,FALSE
308,2,2,4,2,2,29,29,DESKTOP,WINDOWS,0,0,2,0,0,0,0,FALSE
309,1,2,3,27,1,29,29,DESKTOP,WINDOWS,0,1,0,0,0,0,0,FALSE
310,1,1,2,2,1,29,29,DESKTOP,WINDOWS,0,1,0,0,0,0,0,FALSE
311,1,1,2,7,1,29,29,DESKTOP,WINDOWS,0,1,0,0,0,0,0,TRUE
312,1,1,2,1,1,29,29,DESKTOP,WINDOWS,0,0,1,0,0,0,0,FALSE
313,1,1,2,3,1,29,29,DESKTOP,WINDOWS,1,0,0,0,0,0,0,FALSE
314,2,2,4,2,2,29,29,DESKTOP,WINDOWS,0,2,0,0,0,0,0,FALSE
315,1,1,2,18,1,29,29,DESKTOP,WINDOWS,1,0,0,0,0,0,0,FALSE
316,1,1,2,3,1,29,29,DESKTOP,WINDOWS,0,0,1,0,0,0,0,FALSE
317,1,1,1,1,1,29,29,DESKTOP,WINDOWS,0,1,0,0,0,0,0,FALSE
318,1,1,2,13,1,29,29,DESKTOP,WINDOWS,0,0,1,0,0,0,0,FALSE
319,2,4,8,4,4,29,29,DESKTOP,WINDOWS,0,2,0,0,0,0,0,TRUE
320,1,1,3,2,1,29,29,DESKTOP,WINDOWS,0,0,0,1,0,0,0,FALSE
321,1,1,2,1,1,29,29,DESKTOP,WINDOWS,0,1,0,0,0,0,0,FALSE
322,1,1,2,1,1,29,29,DESKTOP,WINDOWS,1,0,0,0,0,0,0,FALSE
323,1,1,2,4,1,29,29,DESKTOP,WINDOWS,0,1,0,0,0,0,0,FALSE
324,2,6,12,1560,8,29,29,DESKTOP,WINDOWS,0,0,2,0,0,0,0,FALSE
325,1,1,2,41,1,29,29,DESKTOP,WINDOWS,0,1,0,0,0,0,0,FALSE
326,1,1,2,1,1,13,13,DESKTOP,WINDOWS,1,0,0,0,0,0,0,FALSE
327,1,1,2,1,1,13,13,DESKTOP,WINDOWS,0,0,0,1,0,0,0,FALSE
328,1,1,2,1,1,13,13,DESKTOP,WINDOWS,0,1,0,0,0,0,0,FALSE
329,1,1,2,1,1,13,13,DESKTOP,WINDOWS,0,1,0,0,0,0,0,FALSE
330,1,1,2,5,1,13,13,DESKTOP,WINDOWS,1,0,0,0,0,0,0,FALSE
331,1,1,2,1,1,13,13,DESKTOP,WINDOWS,1,0,0,0,0,0,0,FALSE
332,2,4,8,20,4,13,13,DESKTOP,WINDOWS,0,2,0,0,0,0,0,FALSE
333,1,1,2,1,1,13,13,DESKTOP,WINDOWS,0,1,0,0,0,0,0,FALSE
334,1,1,2,1,1,13,13,DESKTOP,WINDOWS,0,1,0,0,1,0,0,FALSE
335,1,1,3,6,3,13,13,DESKTOP,WINDOWS,1,0,0,0,0,0,0,FALSE
336,2,2,4,1,2,13,28,DESKTOP,WINDOWS,1,1,0,0,0,0,0,FALSE
337,1,1,2,7,1,13,13,DESKTOP,WINDOWS,0,1,0,0,0,0,0,FALSE
338,1,1,2,1,1,13,13,DESKTOP,WINDOWS,1,0,0,0,0,0,0,TRUE
339,1,1,2,1,1,13,13,DESKTOP,WINDOWS,1,0,0,0,0,0,0,FALSE
340,1,1,2,7,1,13,13,DESKTOP,WINDOWS,0,1,0,0,0,0,0,FALSE
341,1,1,2,1,1,13,13,DESKTOP,WINDOWS,0,1,0,0,0,0,0,FALSE
342,1,1,2,1,1,13,13,DESKTOP,WINDOWS,0,0,1,0,0,0,0,FALSE
343,3,3,6,4,3,13,40,DESKTOP,WINDOWS,1,2,0,0,0,0,0,TRUE
344,1,1,2,2,1,13,13,DESKTOP,WINDOWS,0,0,1,0,0,0,0,FALSE
345,2,2,4,2,2,13,13,DESKTOP,WINDOWS,0,2,0,0,0,0,0,FALSE
346,2,1,3,1,2,12,13,DESKTOP,WINDOWS,1,0,1,0,0,0,0,TRUE
347,1,1,2,1,1,13,13,DESKTOP,WINDOWS,0,0,1,0,0,0,0,FALSE
348,2,4,8,294,4,13,13,DESKTOP,WINDOWS,0,2,0,0,0,0,0,TRUE
349,1,1,2,1,1,13,13,DESKTOP,WINDOWS,0,0,0,1,0,0,0,FALSE
350,1,1,2,1,1,13,13,DESKTOP,WINDOWS,0,1,0,0,0,0,0,FALSE
351,1,1,2,11,1,13,13,DESKTOP,WINDOWS,0,0,1,0,0,0,0,FALSE
352,1,1,2,6,1,13,13,DESKTOP,WINDOWS,0,0,0,1,0,0,0,FALSE
353,1,2,4,209,3,13,13,DESKTOP,MAC-OS,1,0,0,0,1,0,0,FALSE
354,1,1,2,2,1,13,13,DESKTOP,WINDOWS,0,0,1,0,0,0,0,FALSE
355,1,1,2,1,1,13,13,DESKTOP,WINDOWS,0,1,0,0,0,0,0,FALSE
356,1,1,2,1,1,13,13,DESKTOP,WINDOWS,0,1,0,0,0,0,0,FALSE
357,1,1,2,1,1,13,13,DESKTOP,WINDOWS,0,1,0,0,0,0,0,FALSE
358,1,1,2,2,1,13,13,DESKTOP,WINDOWS,0,1,0,0,0,0,0,FALSE
359,1,1,2,1,1,13,13,DESKTOP,WINDOWS,0,1,0,0,0,0,0,FALSE
360,5,6,12,96,7,6,33,DESKTOP,WINDOWS,0,5,0,0,0,0,0,TRUE
361,1,1,2,1,1,13,13,DESKTOP,WINDOWS,0,0,1,0,0,0,0,FALSE
362,1,1,2,1,1,13,13,DESKTOP,WINDOWS,0,0,1,0,0,0,0,FALSE
363,2,2,4,2,2,47,47,DESKTOP,WINDOWS,1,1,0,0,0,0,0,FALSE
364,1,1,2,1,1,47,47,DESKTOP,WINDOWS,0,1,0,0,0,0,0,FALSE
365,1,1,2,1,1,47,47,DESKTOP,WINDOWS,0,1,0,0,0,0,0,FALSE
366,1,1,2,13,1,47,47,DESKTOP,WINDOWS,0,0,0,1,0,0,0,FALSE
367,3,3,6,49,3,19,47,DESKTOP,WINDOWS,3,0,0,0,0,0,0,TRUE
368,1,1,2,1,1,47,47,DESKTOP,WINDOWS,0,1,0,0,0,0,0,FALSE
369,1,1,2,1,1,47,47,DESKTOP,WINDOWS,0,1,0,0,0,0,0,FALSE
370,1,1,2,8,1,47,47,DESKTOP,WINDOWS,0,0,0,1,0,0,0,FALSE
371,1,1,2,1,1,47,47,DESKTOP,WINDOWS,0,0,1,0,0,0,0,FALSE
372,1,1,2,1,1,47,47,DESKTOP,WINDOWS,0,1,0,0,0,0,0,FALSE
373,2,6,12,1562,8,47,47,MOBILE,ANDROID,0,2,0,0,2,0,0,FALSE
374,1,1,2,1,1,47,47,DESKTOP,WINDOWS,0,0,0,1,0,0,0,FALSE
375,4,6,12,200,6,47,47,DESKTOP,WINDOWS,0,4,0,0,0,3,0,FALSE
376,1,1,2,1,1,47,47,DESKTOP,WINDOWS,1,0,0,0,0,0,0,FALSE
377,2,4,8,426,4,47,47,DESKTOP,WINDOWS,0,2,0,0,0,0,0,FALSE
378,1,1,2,1,1,47,47,DESKTOP,MAC-OS,0,1,0,0,0,0,0,FALSE
379,1,1,1,1,1,47,47,DESKTOP,WINDOWS,0,1,0,0,0,0,0,FALSE
380,2,2,8,2,5,47,47,DESKTOP,WINDOWS,0,2,0,0,0,0,0,FALSE
381,1,1,2,2,1,47,47,DESKTOP,WINDOWS,0,1,0,0,0,0,0,FALSE
382,1,1,2,2,1,47,47,DESKTOP,WINDOWS,0,0,1,0,0,0,0,FALSE
383,1,1,3,1,3,47,47,MOBILE,ANDROID,0,0,0,1,0,0,0,FALSE
384,1,1,2,1,1,47,47,DESKTOP,WINDOWS,0,1,0,0,0,0,0,FALSE
385,1,1,2,1,1,47,47,DESKTOP,WINDOWS,0,1,0,0,0,0,0,FALSE
386,1,1,2,1,1,47,47,DESKTOP,WINDOWS,0,1,0,0,0,0,0,FALSE
387,1,1,2,1,1,47,47,DESKTOP,WINDOWS,1,0,0,0,0,0,0,FALSE
388,1,1,2,2,1,47,47,DESKTOP,MAC-OS,0,1,0,0,0,0,0,FALSE
389,1,1,2,2,1,47,47,DESKTOP,WINDOWS,0,1,0,0,0,0,0,FALSE
390,1,1,2,1,1,47,47,DESKTOP,WINDOWS,0,1,0,0,0,0,0,FALSE
391,1,1,2,1,1,47,47,DESKTOP,WINDOWS,0,1,0,0,0,0,0,FALSE
392,1,3,4,136,1,47,47,DESKTOP,WINDOWS,0,0,1,0,0,0,0,FALSE
393,1,1,2,1,1,47,47,DESKTOP,WINDOWS,0,1,0,0,0,0,0,FALSE
394,1,1,2,1,1,47,47,DESKTOP,WINDOWS,0,1,0,0,0,0,0,FALSE
395,1,1,2,8,1,47,47,DESKTOP,WINDOWS,0,1,0,0,0,0,0,FALSE
396,2,4,8,104,4,47,47,DESKTOP,WINDOWS,0,0,2,0,1,0,0,FALSE
397,1,1,2,1,1,47,47,DESKTOP,WINDOWS,0,0,1,0,1,0,0,FALSE
398,1,2,4,131,1,40,40,DESKTOP,WINDOWS,0,0,1,0,0,0,0,FALSE
399,1,1,2,1,1,40,40,DESKTOP,WINDOWS,1,0,0,0,0,1,0,FALSE
400,1,1,2,1,1,40,40,DESKTOP,WINDOWS,0,0,1,0,0,0,0,FALSE
401,1,1,2,1,1,40,40,DESKTOP,WINDOWS,0,1,0,0,0,0,0,FALSE
402,1,1,2,1,1,40,40,DESKTOP,WINDOWS,0,1,0,0,0,0,0,FALSE
403,1,1,2,2,1,40,40,DESKTOP,WINDOWS,0,1,0,0,0,0,0,FALSE
404,1,1,2,1,1,40,40,DESKTOP,WINDOWS,0,0,1,0,0,0,0,FALSE
405,1,1,2,1,1,40,40,DESKTOP,WINDOWS,0,1,0,0,0,0,0,FALSE
406,1,1,2,1,1,40,40,DESKTOP,WINDOWS,0,0,1,0,0,0,0,FALSE
407,1,1,2,1,1,40,40,DESKTOP,WINDOWS,0,1,0,0,0,0,0,FALSE
408,1,1,2,20,1,40,40,DESKTOP,WINDOWS,0,1,0,0,0,0,0,FALSE
409,1,1,2,2,1,40,40,DESKTOP,WINDOWS,0,1,0,0,0,0,0,FALSE
410,1,1,1,1,1,40,40,DESKTOP,WINDOWS,0,1,0,0,0,0,0,FALSE
411,2,6,18,76,11,40,40,DESKTOP,WINDOWS,2,0,0,0,0,0,0,FALSE
412,1,1,2,2,1,40,40,DESKTOP,WINDOWS,0,1,0,0,0,0,0,FALSE
413,1,1,2,1,1,40,40,DESKTOP,WINDOWS,0,0,1,0,0,0,0,FALSE
414,1,1,3,16,1,40,40,DESKTOP,WINDOWS,0,1,0,0,0,0,0,FALSE
415,2,2,4,2,2,40,42,DESKTOP,WINDOWS,0,0,2,0,0,0,0,FALSE
416,1,1,2,1,1,40,40,DESKTOP,WINDOWS,0,1,0,0,0,0,0,FALSE
417,2,4,8,1598,4,40,40,DESKTOP,WINDOWS,0,2,0,0,0,0,0,FALSE
418,1,1,2,1,1,40,40,DESKTOP,WINDOWS,0,0,1,0,0,0,0,FALSE
419,1,1,2,4,1,40,40,DESKTOP,WINDOWS,0,1,0,0,0,1,0,FALSE
420,1,1,2,1,1,40,40,DESKTOP,WINDOWS,0,0,1,0,0,0,0,FALSE
421,1,1,2,34,1,40,40,DESKTOP,WINDOWS,0,1,0,0,0,0,0,FALSE
422,1,1,2,1,1,40,40,DESKTOP,WINDOWS,0,1,0,0,0,0,0,FALSE
423,1,5,10,2,5,40,40,DESKTOP,MAC-OS,0,1,0,0,0,0,0,FALSE
424,10,18,42,345,23,33,41,DESKTOP,WINDOWS,6,4,0,0,0,0,0,FALSE
425,1,1,2,1,1,40,40,DESKTOP,WINDOWS,1,0,0,0,1,0,0,FALSE
426,1,2,4,27,1,40,40,DESKTOP,WINDOWS,0,1,0,0,0,0,0,FALSE
427,1,1,1,1,1,40,40,DESKTOP,WINDOWS,0,1,0,0,0,0,0,FALSE
428,1,1,2,2,1,40,40,DESKTOP,WINDOWS,1,0,0,0,0,0,0,FALSE
429,1,1,2,1,1,40,40,DESKTOP,WINDOWS,0,0,1,0,0,0,0,FALSE
430,1,1,2,1,1,40,40,DESKTOP,WINDOWS,0,1,0,0,0,0,0,FALSE
431,1,1,2,1,1,40,40,DESKTOP,WINDOWS,0,1,0,0,0,0,0,FALSE
432,2,2,4,1,2,27,33,DESKTOP,WINDOWS,1,1,0,0,0,0,0,FALSE
433,1,1,2,1,1,33,33,DESKTOP,WINDOWS,1,0,0,0,0,0,0,FALSE
434,1,2,4,67,1,33,33,DESKTOP,WINDOWS,0,1,0,0,0,0,1,FALSE
435,2,2,4,3,2,33,33,DESKTOP,WINDOWS,1,1,0,0,0,0,0,FALSE
436,1,1,2,1,1,33,33,DESKTOP,WINDOWS,0,1,0,0,0,0,0,FALSE
437,1,1,2,1,1,33,33,DESKTOP,WINDOWS,0,1,0,0,0,0,0,FALSE
438,1,1,2,1,1,33,33,DESKTOP,WINDOWS,0,0,1,0,0,0,0,FALSE
439,1,2,4,193,3,33,33,DESKTOP,WINDOWS,0,1,0,0,0,0,0,FALSE
440,1,1,2,2,1,33,33,DESKTOP,WINDOWS,0,1,0,0,0,0,0,FALSE
441,1,1,2,1,1,33,33,DESKTOP,WINDOWS,0,1,0,0,0,0,0,FALSE
442,1,1,2,3,1,33,33,MOBILE,ANDROID,0,0,1,0,0,0,0,FALSE
443,1,2,4,14,3,33,33,DESKTOP,WINDOWS,0,0,1,0,0,0,0,FALSE
444,1,1,2,2,1,33,33,DESKTOP,WINDOWS,0,1,0,0,0,0,0,FALSE
445,2,2,4,1,2,33,33,DESKTOP,WINDOWS,2,0,0,0,0,0,0,FALSE
446,1,1,2,1,1,33,33,DESKTOP,WINDOWS,0,1,0,0,0,0,0,FALSE
447,1,1,2,4,1,33,33,DESKTOP,WINDOWS,0,0,1,0,0,0,0,FALSE
448,1,2,4,20,3,33,33,DESKTOP,WINDOWS,1,0,0,0,0,0,0,FALSE
449,1,1,2,1,1,33,33,DESKTOP,WINDOWS,0,1,0,0,0,0,0,FALSE
450,1,1,2,1,1,33,33,DESKTOP,WINDOWS,0,1,0,0,0,0,0,FALSE
451,1,1,2,1,1,33,33,DESKTOP,MAC-OS,0,1,0,0,0,0,0,FALSE
452,1,1,2,1,1,33,33,DESKTOP,WINDOWS,1,0,0,0,0,0,0,FALSE
453,2,4,8,30,4,33,33,DESKTOP,WINDOWS,0,2,0,0,0,0,0,FALSE
454,1,1,1,1,1,33,33,DESKTOP,WINDOWS,0,0,1,0,0,0,0,FALSE
455,5,11,24,5931,14,33,34,DESKTOP,WINDOWS,0,1,4,0,0,0,0,FALSE
456,1,1,2,2,1,33,33,DESKTOP,MAC-OS,0,1,0,0,0,0,0,FALSE
457,5,35,65,880,38,33,33,DESKTOP,WINDOWS,5,0,0,0,0,0,0,FALSE
458,1,1,2,1,1,33,33,DESKTOP,WINDOWS,1,0,0,0,1,0,0,FALSE
459,1,1,2,2,1,33,33,DESKTOP,WINDOWS,0,1,0,0,0,0,0,FALSE
460,1,1,2,1,1,33,33,DESKTOP,WINDOWS,0,1,0,0,0,0,0,FALSE
461,1,1,2,1,1,33,33,DESKTOP,WINDOWS,0,0,0,1,0,0,0,FALSE
462,1,1,2,1,1,33,33,DESKTOP,WINDOWS,0,0,1,0,0,0,0,FALSE
463,1,2,4,502,1,33,33,DESKTOP,WINDOWS,0,0,0,1,0,0,0,FALSE
464,1,1,2,1,1,33,33,DESKTOP,WINDOWS,0,0,1,0,0,0,0,FALSE
465,1,1,2,1,1,33,33,DESKTOP,Linux,1,0,0,0,0,0,0,FALSE
466,1,1,1,1,1,26,26,TABLET,WINDOWS,0,0,1,0,0,0,0,FALSE
467,1,1,2,1,1,26,26,DESKTOP,WINDOWS,0,1,0,0,0,0,0,FALSE
468,1,2,4,43,3,26,26,DESKTOP,WINDOWS,0,1,0,0,0,1,0,FALSE
469,3,5,10,62,5,26,26,DESKTOP,WINDOWS,0,0,0,3,0,1,0,FALSE
470,2,2,4,5,2,23,26,DESKTOP,WINDOWS,1,0,1,0,0,0,0,TRUE
471,1,1,2,3,1,26,26,DESKTOP,WINDOWS,0,1,0,0,1,0,0,FALSE
472,1,1,2,1,1,26,26,DESKTOP,MAC-OS,0,1,0,0,0,0,0,FALSE
473,1,1,2,1,1,26,26,DESKTOP,MAC-OS,0,0,0,1,0,0,0,FALSE
474,1,1,2,1,1,26,26,DESKTOP,WINDOWS,0,1,0,0,0,0,0,FALSE
475,1,1,2,1,1,26,26,DESKTOP,WINDOWS,1,0,0,0,0,0,0,FALSE
476,1,1,2,5,1,26,26,DESKTOP,WINDOWS,0,1,0,0,0,0,0,TRUE
477,1,1,2,1,1,26,26,DESKTOP,WINDOWS,0,1,0,0,0,0,0,FALSE
478,1,1,2,2,1,26,26,DESKTOP,WINDOWS,0,0,0,1,0,0,0,FALSE
479,1,1,2,1,1,26,26,DESKTOP,WINDOWS,0,0,1,0,1,0,0,FALSE
480,1,2,5,503,1,26,26,DESKTOP,WINDOWS,0,1,0,0,0,0,0,FALSE
481,1,1,2,1,1,26,26,DESKTOP,WINDOWS,0,0,1,0,0,1,0,TRUE
482,1,1,2,1,1,26,26,DESKTOP,WINDOWS,1,0,0,0,0,0,0,FALSE
483,1,1,2,1,1,26,26,DESKTOP,WINDOWS,0,1,0,0,0,0,0,TRUE
484,1,1,2,1,1,26,26,DESKTOP,WINDOWS,0,0,1,0,0,0,0,FALSE
485,1,1,2,2,1,26,26,MOBILE,ANDROID,0,0,0,1,0,0,0,FALSE
486,1,2,3,97,1,6,6,DESKTOP,WINDOWS,0,1,0,0,0,0,0,TRUE
487,1,1,2,2,1,6,6,DESKTOP,WINDOWS,1,0,0,0,0,0,0,FALSE
488,1,1,2,1,1,6,6,DESKTOP,MAC-OS,0,1,0,0,0,0,0,FALSE
489,1,1,2,1,1,6,6,DESKTOP,WINDOWS,0,1,0,0,0,0,0,FALSE
490,1,1,2,1,1,6,6,DESKTOP,WINDOWS,0,1,0,0,0,0,0,TRUE
491,1,1,2,1,1,6,6,DESKTOP,WINDOWS,0,0,1,0,0,0,0,FALSE
492,1,1,2,8,1,6,6,DESKTOP,MAC-OS,0,1,0,0,0,0,0,TRUE
493,2,2,4,2,2,6,6,DESKTOP,WINDOWS,0,0,2,0,0,0,0,FALSE
494,1,1,2,1,1,6,6,DESKTOP,WINDOWS,0,1,0,0,0,0,0,FALSE
495,1,1,2,7,1,6,6,DESKTOP,WINDOWS,0,0,1,0,0,0,0,TRUE
496,1,1,2,1,1,6,6,DESKTOP,WINDOWS,0,0,1,0,0,0,0,FALSE
497,1,1,2,1,1,6,6,DESKTOP,MAC-OS,0,1,0,0,0,0,0,FALSE
498,2,2,4,2,2,6,6,DESKTOP,WINDOWS,0,0,2,0,0,0,0,FALSE
499,1,1,2,1,1,6,6,DESKTOP,WINDOWS,0,0,1,0,0,0,0,FALSE
500,5,25,55,100,32,6,6,DESKTOP,WINDOWS,0,0,5,0,0,0,0,TRUE
501,2,3,6,109,2,6,6,DESKTOP,WINDOWS,1,1,0,0,0,0,0,FALSE
502,1,1,2,1,1,6,6,DESKTOP,WINDOWS,0,0,1,0,0,0,0,TRUE
503,2,2,4,18,2,6,6,DESKTOP,WINDOWS,1,0,1,0,0,0,0,TRUE
504,1,1,2,1,1,6,6,DESKTOP,WINDOWS,0,1,0,0,1,0,0,TRUE
505,1,1,2,1,1,6,6,DESKTOP,WINDOWS,0,1,0,0,0,0,0,FALSE
506,1,1,2,9,1,6,6,DESKTOP,WINDOWS,0,1,0,0,0,0,0,FALSE
507,1,1,2,9,1,6,6,DESKTOP,WINDOWS,0,0,0,1,0,0,0,FALSE
508,2,2,4,2,2,6,7,DESKTOP,WINDOWS,0,1,1,0,0,0,0,TRUE
509,2,2,4,4,2,6,6,DESKTOP,WINDOWS,0,0,2,0,0,0,0,FALSE
510,1,1,2,1,1,6,6,DESKTOP,WINDOWS,0,1,0,0,0,0,0,TRUE
511,1,1,2,1,1,6,6,DESKTOP,WINDOWS,0,1,0,0,0,0,0,FALSE
512,1,2,3,16,1,6,6,DESKTOP,WINDOWS,0,0,1,0,0,0,0,TRUE
513,1,1,2,1,1,6,6,DESKTOP,WINDOWS,0,1,0,0,0,0,1,FALSE
514,1,1,2,2,1,6,6,DESKTOP,WINDOWS,0,1,0,0,0,0,0,FALSE
515,2,2,4,7,2,5,6,DESKTOP,WINDOWS,0,0,0,2,0,0,0,FALSE
516,1,1,2,8,1,6,6,DESKTOP,WINDOWS,1,0,0,0,0,0,0,FALSE
517,1,1,2,2,1,6,6,DESKTOP,WINDOWS,0,1,0,0,0,0,0,FALSE
518,2,2,4,2,2,5,6,DESKTOP,WINDOWS,0,1,1,0,0,0,0,FALSE
519,1,2,4,109,3,6,6,DESKTOP,WINDOWS,0,1,0,0,0,0,0,FALSE
520,1,1,2,1,1,6,6,DESKTOP,WINDOWS,0,0,1,0,0,0,0,TRUE
521,1,1,2,1,1,6,6,DESKTOP,WINDOWS,0,0,1,0,0,0,0,FALSE
522,1,1,2,17,1,6,6,DESKTOP,WINDOWS,0,1,0,0,0,0,0,TRUE
523,1,1,2,1,1,6,6,DESKTOP,WINDOWS,0,1,0,0,0,0,0,FALSE
524,1,1,2,1,1,6,6,DESKTOP,WINDOWS,0,1,0,0,0,0,0,FALSE
525,1,1,2,1,1,6,6,DESKTOP,WINDOWS,1,0,0,0,0,0,0,FALSE
526,3,3,6,3,3,5,6,DESKTOP,WINDOWS,0,3,0,0,0,0,0,TRUE
527,1,1,2,3,1,19,19,DESKTOP,WINDOWS,0,1,0,0,0,0,0,TRUE
528,1,1,2,4,1,19,19,DESKTOP,WINDOWS,0,1,0,0,0,0,0,FALSE
529,1,1,2,1,1,19,19,DESKTOP,WINDOWS,1,0,0,0,0,0,0,FALSE
530,1,2,4,135,1,19,19,DESKTOP,WINDOWS,0,1,0,0,0,0,0,FALSE
531,1,1,3,3,1,19,19,DESKTOP,WINDOWS,0,0,1,0,0,0,0,FALSE
532,1,1,2,1,1,19,19,DESKTOP,WINDOWS,0,1,0,0,0,0,0,FALSE
533,1,1,2,2,1,19,19,TABLET,IOS,1,0,0,0,0,0,0,TRUE
534,1,2,4,83,1,19,19,DESKTOP,WINDOWS,0,0,0,1,0,0,0,FALSE
535,1,1,2,1,1,19,19,DESKTOP,WINDOWS,1,0,0,0,0,0,0,FALSE
536,1,1,2,1,2,19,19,DESKTOP,WINDOWS,0,1,0,0,0,0,0,FALSE
537,1,1,2,2,1,19,19,DESKTOP,WINDOWS,0,1,0,0,0,0,0,FALSE
538,1,1,2,1,1,19,19,DESKTOP,WINDOWS,0,0,1,0,0,0,0,FALSE
539,1,2,4,82,1,19,19,DESKTOP,WINDOWS,1,0,0,0,0,0,0,FALSE
540,1,1,2,1,1,19,19,DESKTOP,WINDOWS,0,0,1,0,0,0,0,FALSE
541,1,1,2,1,1,19,19,DESKTOP,WINDOWS,0,1,0,0,0,0,0,FALSE
542,1,1,2,1,1,19,19,DESKTOP,WINDOWS,0,0,1,0,0,0,0,FALSE
543,1,1,2,4,1,19,19,DESKTOP,WINDOWS,0,1,0,0,0,0,0,FALSE
544,3,3,6,5,3,19,21,DESKTOP,WINDOWS,1,2,0,0,0,1,0,FALSE
545,1,1,2,2,1,19,19,DESKTOP,WINDOWS,0,0,1,0,0,0,0,FALSE
546,1,1,2,1,1,19,19,DESKTOP,WINDOWS,1,0,0,0,0,0,0,FALSE
547,1,1,2,1,1,19,19,DESKTOP,WINDOWS,0,0,1,0,0,0,0,FALSE
548,1,1,2,1,1,19,19,DESKTOP,WINDOWS,0,0,1,0,0,0,0,FALSE
549,1,1,2,1,1,19,19,DESKTOP,WINDOWS,0,0,1,0,0,0,0,FALSE
550,1,1,2,1,1,19,19,DESKTOP,WINDOWS,1,0,0,0,0,0,1,FALSE
551,1,1,2,1,1,19,19,DESKTOP,WINDOWS,1,0,0,0,0,0,0,FALSE
552,1,1,2,1,1,19,19,DESKTOP,WINDOWS,0,1,0,0,0,1,0,FALSE
553,1,2,4,136,3,19,19,DESKTOP,WINDOWS,0,0,1,0,0,0,0,FALSE
554,1,1,2,1,1,42,42,DESKTOP,WINDOWS,0,1,0,0,0,0,0,FALSE
555,1,1,2,73,1,42,42,DESKTOP,WINDOWS,0,0,0,1,0,0,0,FALSE
556,1,1,2,1,1,42,42,DESKTOP,WINDOWS,0,0,1,0,0,0,0,FALSE
557,1,1,2,1,1,42,42,DESKTOP,WINDOWS,0,1,0,0,0,0,0,FALSE
558,1,1,2,1,1,42,42,DESKTOP,WINDOWS,0,1,0,0,1,0,0,FALSE
559,2,2,6,8,4,42,42,DESKTOP,WINDOWS,0,2,0,0,0,0,0,FALSE
560,1,1,2,2,1,42,42,DESKTOP,WINDOWS,0,1,0,0,0,0,0,FALSE
561,1,1,2,1,1,42,42,DESKTOP,WINDOWS,1,0,0,0,1,0,0,FALSE
562,2,6,14,90,12,42,42,DESKTOP,WINDOWS,0,2,0,0,0,0,0,FALSE
563,1,1,2,1,1,42,42,DESKTOP,WINDOWS,0,1,0,0,0,0,0,FALSE
564,1,1,2,1,1,42,42,DESKTOP,WINDOWS,0,0,1,0,0,0,0,FALSE
565,1,1,1,1,1,42,42,DESKTOP,WINDOWS,1,0,0,0,0,0,0,TRUE
566,2,2,4,2,2,5,42,DESKTOP,WINDOWS,0,1,1,0,0,0,0,TRUE
567,1,1,2,1,1,42,42,DESKTOP,WINDOWS,0,1,0,0,0,0,0,FALSE
568,1,1,2,7,1,42,42,DESKTOP,WINDOWS,1,0,0,0,0,0,0,FALSE
569,1,1,2,2,1,42,42,DESKTOP,WINDOWS,0,1,0,0,0,0,0,FALSE
570,1,1,2,2,1,42,42,DESKTOP,WINDOWS,0,0,1,0,0,0,0,FALSE
571,1,1,2,3,1,42,42,DESKTOP,WINDOWS,0,0,1,0,0,0,0,FALSE
572,1,1,2,1,1,42,42,DESKTOP,WINDOWS,0,1,0,0,0,0,0,FALSE
573,2,3,6,1192,4,41,42,DESKTOP,WINDOWS,1,1,0,0,0,0,0,FALSE
574,2,2,4,1,2,42,42,DESKTOP,WINDOWS,1,1,0,0,0,0,0,FALSE
575,1,1,2,11,1,42,42,DESKTOP,WINDOWS,0,0,0,1,0,0,0,FALSE
576,1,1,2,1,1,42,42,DESKTOP,WINDOWS,0,1,0,0,0,0,0,FALSE
577,1,1,2,1,1,42,42,DESKTOP,WINDOWS,0,1,0,0,0,0,0,FALSE
578,1,1,2,1,1,42,42,DESKTOP,WINDOWS,0,1,0,0,0,0,0,FALSE
579,1,2,4,52,1,42,42,DESKTOP,WINDOWS,0,1,0,0,0,1,0,FALSE
580,2,2,4,2,2,41,42,DESKTOP,WINDOWS,0,0,2,0,1,0,0,FALSE
581,1,1,1,1,1,42,42,DESKTOP,WINDOWS,0,1,0,0,0,0,0,FALSE
582,1,3,6,123,5,42,42,DESKTOP,WINDOWS,1,0,0,0,0,0,0,FALSE
583,1,1,1,1,1,42,42,DESKTOP,WINDOWS,0,0,1,0,0,0,0,FALSE
584,1,1,2,1,1,42,42,DESKTOP,WINDOWS,0,0,1,0,0,0,0,FALSE
585,1,1,2,2,1,42,42,DESKTOP,WINDOWS,0,1,0,0,0,0,0,FALSE
586,1,1,2,1,1,42,42,DESKTOP,WINDOWS,0,1,0,0,0,0,0,FALSE
587,1,1,2,2,1,42,42,DESKTOP,WINDOWS,0,1,0,0,0,0,0,FALSE
588,3,3,6,26,3,42,42,DESKTOP,WINDOWS,0,2,1,0,0,0,0,FALSE
589,1,1,2,2,1,42,42,DESKTOP,WINDOWS,0,1,0,0,0,0,0,FALSE
590,1,1,2,1,1,42,42,DESKTOP,WINDOWS,1,0,0,0,0,0,0,FALSE
591,1,1,2,1,1,42,42,DESKTOP,WINDOWS,0,0,1,0,0,0,0,FALSE
592,2,2,4,4,2,14,14,DESKTOP,WINDOWS,0,0,2,0,0,0,0,FALSE
593,4,12,20,1196,8,14,14,DESKTOP,WINDOWS,0,0,0,4,0,0,0,FALSE
594,2,2,4,1,2,14,14,DESKTOP,WINDOWS,0,2,0,0,0,0,0,FALSE
595,2,2,4,2,2,14,14,DESKTOP,WINDOWS,0,2,0,0,0,0,0,FALSE
596,2,2,4,2,2,14,14,DESKTOP,WINDOWS,0,2,0,0,0,0,0,TRUE
597,2,2,4,2,2,14,14,DESKTOP,WINDOWS,0,2,0,0,0,0,0,FALSE
598,2,2,4,2,2,14,14,DESKTOP,WINDOWS,0,2,0,0,0,0,0,FALSE
599,2,2,4,4,2,14,14,DESKTOP,WINDOWS,0,2,0,0,0,0,0,FALSE
600,2,2,4,2,2,14,14,DESKTOP,MAC-OS,0,2,0,0,2,0,0,FALSE
601,4,8,16,32,8,14,14,DESKTOP,WINDOWS,0,4,0,0,0,0,0,FALSE
602,2,2,4,1,2,14,14,DESKTOP,WINDOWS,2,0,0,0,0,0,0,FALSE
603,2,2,4,2,2,14,14,DESKTOP,WINDOWS,0,2,0,0,0,0,0,FALSE
604,2,2,4,6,2,14,14,DESKTOP,WINDOWS,0,2,0,0,0,0,0,TRUE
605,2,2,4,2,2,14,14,DESKTOP,MAC-OS,0,2,0,0,0,0,0,FALSE
606,2,2,4,1,2,14,14,DESKTOP,WINDOWS,0,2,0,0,0,0,0,FALSE
607,2,2,4,1,2,14,14,DESKTOP,WINDOWS,0,0,2,0,0,0,0,FALSE
608,6,36,60,1446,36,14,14,DESKTOP,WINDOWS,0,6,0,0,0,0,0,TRUE
609,2,2,4,4,2,14,14,DESKTOP,WINDOWS,2,0,0,0,0,0,0,FALSE
610,2,1,2,1,2,14,14,DESKTOP,WINDOWS,0,2,0,0,0,0,0,FALSE
611,2,2,4,1,2,14,14,DESKTOP,WINDOWS,0,2,0,0,0,0,0,FALSE
612,2,2,4,2,2,14,14,DESKTOP,WINDOWS,0,2,0,0,0,0,0,FALSE
613,2,2,4,4,2,14,14,DESKTOP,WINDOWS,0,2,0,0,0,0,0,FALSE
614,2,2,4,2,2,14,14,DESKTOP,WINDOWS,2,0,0,0,0,0,0,FALSE
615,2,2,4,4,2,14,14,DESKTOP,WINDOWS,2,0,0,0,0,0,0,FALSE
616,2,1,2,1,2,14,14,DESKTOP,WINDOWS,0,2,0,0,0,0,0,FALSE
617,4,12,24,120,16,14,14,DESKTOP,WINDOWS,0,4,0,0,0,0,0,FALSE
618,2,2,4,1,2,14,14,DESKTOP,WINDOWS,0,2,0,0,0,0,0,FALSE
619,2,2,4,14,2,14,14,DESKTOP,WINDOWS,0,2,0,0,0,0,0,FALSE
620,2,2,4,6,2,14,14,DESKTOP,WINDOWS,0,2,0,0,0,0,0,FALSE
621,2,2,4,2,2,14,14,DESKTOP,WINDOWS,0,0,2,0,0,0,0,FALSE
622,2,2,4,4,2,14,14,DESKTOP,WINDOWS,0,2,0,0,0,0,0,FALSE
623,2,2,4,2,2,14,14,DESKTOP,WINDOWS,0,0,0,2,2,0,0,TRUE
624,2,2,4,4,2,14,14,DESKTOP,WINDOWS,0,0,2,0,0,0,0,FALSE
625,4,8,16,260,8,14,14,DESKTOP,WINDOWS,0,4,0,0,0,0,0,FALSE
626,2,2,4,1,2,14,14,DESKTOP,WINDOWS,0,2,0,0,0,0,0,FALSE
627,6,10,24,1712,10,14,14,DESKTOP,WINDOWS,0,4,2,0,0,0,0,FALSE
628,2,2,4,1,2,14,14,DESKTOP,WINDOWS,0,2,0,0,0,0,0,FALSE
629,2,2,4,26,2,14,14,DESKTOP,WINDOWS,0,0,0,2,0,0,0,FALSE
630,2,2,4,32,2,14,14,DESKTOP,WINDOWS,0,0,0,2,0,0,0,FALSE
631,4,4,8,4,4,14,14,DESKTOP,WINDOWS,4,0,0,0,0,0,0,FALSE
632,2,2,4,8,2,14,14,DESKTOP,WINDOWS,0,0,2,0,0,0,0,FALSE
633,2,2,4,1,2,14,14,DESKTOP,WINDOWS,0,2,0,0,0,0,0,FALSE
634,2,2,4,1,2,14,14,DESKTOP,WINDOWS,2,0,0,0,0,0,0,TRUE
635,2,2,4,1,2,14,14,DESKTOP,WINDOWS,0,0,2,0,0,0,0,FALSE
636,2,2,4,2,2,14,14,DESKTOP,WINDOWS,0,2,0,0,0,2,0,FALSE
637,1,1,2,2,1,8,8,DESKTOP,WINDOWS,0,0,1,0,0,0,0,FALSE
638,1,1,2,1,1,8,8,DESKTOP,WINDOWS,0,0,1,0,0,0,0,FALSE
639,2,2,4,4,2,8,8,DESKTOP,MAC-OS,0,1,1,0,0,0,0,FALSE
640,5,11,22,1433,11,8,8,DESKTOP,WINDOWS,3,2,0,0,0,0,0,TRUE
641,1,1,2,1,1,8,8,DESKTOP,WINDOWS,1,0,0,0,0,0,0,FALSE
642,1,1,2,1,1,8,8,DESKTOP,WINDOWS,0,1,0,0,0,0,0,FALSE
643,1,2,4,12,1,8,8,DESKTOP,WINDOWS,0,0,1,0,0,0,0,TRUE
644,1,1,2,5,1,8,8,DESKTOP,WINDOWS,0,0,1,0,0,0,0,FALSE
645,1,1,2,1,1,8,8,DESKTOP,WINDOWS,0,0,1,0,0,0,0,FALSE
646,1,1,2,1,1,8,8,DESKTOP,WINDOWS,1,0,0,0,0,0,0,FALSE
647,1,1,2,1,1,8,8,DESKTOP,WINDOWS,0,0,1,0,0,0,0,FALSE
648,1,1,2,7,1,8,8,DESKTOP,WINDOWS,0,1,0,0,0,0,0,FALSE
649,1,1,2,1,1,8,8,DESKTOP,WINDOWS,0,0,1,0,0,0,0,FALSE
650,2,1,3,2,2,8,10,DESKTOP,WINDOWS,0,0,2,0,0,0,0,TRUE
651,1,2,4,396,1,8,8,DESKTOP,WINDOWS,1,0,0,0,0,0,0,FALSE
652,1,1,2,5,1,8,8,DESKTOP,WINDOWS,0,1,0,0,0,0,0,FALSE
653,1,5,7,90,1,8,8,DESKTOP,WINDOWS,0,1,0,0,0,0,0,FALSE
654,1,1,2,1,1,8,8,DESKTOP,MAC-OS,1,0,0,0,0,0,0,FALSE
655,1,1,1,1,1,8,8,DESKTOP,WINDOWS,0,1,0,0,0,0,0,TRUE
656,1,1,2,1,1,8,8,DESKTOP,WINDOWS,0,1,0,0,0,0,0,FALSE
657,1,1,2,2,1,8,8,DESKTOP,WINDOWS,0,1,0,0,0,0,0,TRUE
658,1,1,2,3,1,8,8,DESKTOP,Linux,0,0,1,0,0,0,0,FALSE
659,1,1,2,1,1,8,8,DESKTOP,WINDOWS,0,1,0,0,0,0,0,TRUE
660,1,1,2,1,1,8,8,DESKTOP,WINDOWS,0,0,0,1,0,0,0,FALSE
661,1,1,1,1,1,8,8,DESKTOP,WINDOWS,0,0,1,0,0,0,0,FALSE
662,1,1,2,1,1,8,8,DESKTOP,WINDOWS,0,1,0,0,0,0,0,TRUE
663,1,1,2,2,1,8,8,DESKTOP,WINDOWS,0,0,1,0,0,0,0,TRUE
664,1,2,4,59,3,8,8,DESKTOP,WINDOWS,0,1,0,0,0,0,0,TRUE
665,1,1,2,1,1,8,8,DESKTOP,MAC-OS,0,1,0,0,0,0,0,FALSE
666,1,1,2,1,1,8,8,DESKTOP,WINDOWS,1,0,0,0,0,0,0,TRUE
667,4,8,24,8196,12,8,8,DESKTOP,WINDOWS,4,0,0,0,0,0,0,FALSE
668,1,1,2,10,1,8,8,DESKTOP,WINDOWS,1,0,0,0,0,0,0,TRUE
669,1,1,2,1,1,8,8,DESKTOP,WINDOWS,0,1,0,0,0,0,0,FALSE
670,1,1,2,1,1,8,8,DESKTOP,WINDOWS,0,0,1,0,0,0,0,FALSE
671,1,1,2,1,1,8,8,DESKTOP,WINDOWS,1,0,0,0,0,0,0,TRUE
672,2,4,8,414,4,35,35,DESKTOP,WINDOWS,0,2,0,0,0,0,0,FALSE
673,1,1,2,1,1,35,35,DESKTOP,WINDOWS,0,0,1,0,0,0,0,FALSE
674,1,1,2,2,1,35,35,DESKTOP,WINDOWS,0,0,1,0,0,0,0,FALSE
675,1,1,2,1,1,35,35,DESKTOP,WINDOWS,0,1,0,0,0,0,0,TRUE
676,1,1,2,1,1,35,35,DESKTOP,WINDOWS,0,1,0,0,0,0,0,FALSE
677,1,1,2,6,1,35,35,DESKTOP,WINDOWS,0,1,0,0,0,0,0,FALSE
678,1,1,2,1,1,35,35,DESKTOP,WINDOWS,0,0,1,0,0,0,0,FALSE
679,1,1,2,3,1,35,35,DESKTOP,WINDOWS,1,0,0,0,0,0,0,FALSE
680,1,1,2,1,1,35,35,DESKTOP,WINDOWS,1,0,0,0,0,0,0,FALSE
681,1,1,1,1,1,35,35,DESKTOP,WINDOWS,0,1,0,0,0,0,0,FALSE
682,1,1,2,1,1,35,35,DESKTOP,WINDOWS,1,0,0,0,0,0,0,FALSE
683,1,1,2,1,1,35,35,DESKTOP,WINDOWS,0,0,1,0,0,0,0,FALSE
684,1,1,2,1,1,35,35,DESKTOP,WINDOWS,0,1,0,0,0,0,0,FALSE
685,1,1,2,2,1,35,35,DESKTOP,WINDOWS,0,0,1,0,0,0,0,FALSE
686,1,1,2,1,1,35,35,DESKTOP,WINDOWS,0,0,1,0,0,0,0,FALSE
687,1,1,2,29,1,35,35,DESKTOP,MAC-OS,0,1,0,0,0,0,0,FALSE
688,1,1,1,1,1,35,35,DESKTOP,WINDOWS,0,0,1,0,0,0,0,FALSE
689,1,1,2,1,1,35,35,DESKTOP,WINDOWS,1,0,0,0,0,0,0,FALSE
690,1,1,2,2,1,35,35,DESKTOP,WINDOWS,0,0,1,0,0,0,0,FALSE
691,1,1,2,1,1,35,35,DESKTOP,WINDOWS,1,0,0,0,0,0,0,FALSE
692,1,1,2,2,1,35,35,DESKTOP,WINDOWS,0,1,0,0,0,0,0,FALSE
693,1,1,2,1,1,35,35,DESKTOP,WINDOWS,0,0,1,0,0,0,0,FALSE
694,1,1,2,1,1,35,35,DESKTOP,WINDOWS,0,0,1,0,0,0,0,FALSE
695,1,1,2,1,1,35,35,DESKTOP,WINDOWS,1,0,0,0,0,0,0,FALSE
696,1,1,2,3,1,35,35,DESKTOP,WINDOWS,0,1,0,0,0,0,0,FALSE
697,1,1,2,1,1,35,35,DESKTOP,WINDOWS,0,1,0,0,0,0,0,FALSE
698,1,1,2,1,1,35,35,DESKTOP,WINDOWS,0,0,1,0,0,0,0,FALSE
699,1,1,2,1,1,35,35,DESKTOP,WINDOWS,0,1,0,0,1,0,0,FALSE
700,1,1,2,1,1,35,35,DESKTOP,WINDOWS,1,0,0,0,0,0,0,FALSE
701,1,1,2,1,1,35,35,DESKTOP,WINDOWS,0,1,0,0,0,0,0,FALSE
702,1,1,2,1,1,35,35,DESKTOP,WINDOWS,1,0,0,0,0,0,0,FALSE
703,1,1,2,1,1,35,35,DESKTOP,WINDOWS,0,1,0,0,0,0,0,FALSE
704,1,1,2,1,1,35,35,DESKTOP,WINDOWS,0,0,0,1,0,0,0,FALSE
705,1,1,2,1,1,35,35,DESKTOP,WINDOWS,0,1,0,0,0,0,0,FALSE
706,1,1,2,1,1,1,1,DESKTOP,WINDOWS,0,1,0,0,0,0,0,TRUE
707,1,1,2,1,1,1,1,TABLET,WINDOWS,0,1,0,0,0,0,0,FALSE
708,2,4,8,42,4,1,1,DESKTOP,WINDOWS,0,2,0,0,0,0,0,TRUE
709,1,1,2,1,1,1,1,DESKTOP,WINDOWS,0,1,0,0,0,0,0,FALSE
710,1,1,2,1,1,1,1,DESKTOP,WINDOWS,0,1,0,0,0,0,0,FALSE
711,1,1,2,1,1,1,1,DESKTOP,WINDOWS,1,0,0,0,0,0,0,FALSE
712,1,1,2,1,1,1,1,DESKTOP,WINDOWS,0,1,0,0,0,0,0,FALSE
713,1,1,2,1,1,1,1,DESKTOP,WINDOWS,0,1,0,0,0,0,0,FALSE
714,1,1,2,2,1,1,1,DESKTOP,WINDOWS,1,0,0,0,0,0,0,FALSE
715,1,1,2,1,1,1,1,DESKTOP,MAC-OS,0,1,0,0,0,0,0,FALSE
716,1,1,2,1,1,1,1,DESKTOP,WINDOWS,0,1,0,0,0,0,0,FALSE
717,1,1,2,1,1,1,1,DESKTOP,WINDOWS,1,0,0,0,0,0,0,FALSE
718,2,2,4,2,2,0,1,DESKTOP,WINDOWS,0,1,1,0,0,0,0,TRUE
719,1,1,2,1,1,1,1,DESKTOP,MAC-OS,0,0,0,1,0,0,0,FALSE
720,1,1,2,1,1,1,1,DESKTOP,WINDOWS,0,1,0,0,0,0,0,TRUE
721,1,1,2,1,1,1,1,DESKTOP,WINDOWS,1,0,0,0,0,0,0,TRUE
722,1,1,3,11,3,1,1,DESKTOP,WINDOWS,0,1,0,0,0,0,0,TRUE
723,1,1,2,2,1,1,1,DESKTOP,WINDOWS,0,0,1,0,0,0,0,TRUE
724,1,1,2,2,1,1,1,DESKTOP,WINDOWS,0,0,1,0,0,0,0,FALSE
725,1,2,3,301,1,1,1,DESKTOP,WINDOWS,1,0,0,0,0,0,0,FALSE
726,2,4,8,104,4,1,1,DESKTOP,WINDOWS,0,2,0,0,0,0,0,TRUE
727,1,1,2,1,1,1,1,DESKTOP,MAC-OS,0,1,0,0,0,0,0,TRUE
728,1,1,2,1,1,1,1,DESKTOP,WINDOWS,0,0,1,0,0,0,0,TRUE
729,1,1,2,2,1,1,1,DESKTOP,WINDOWS,0,1,0,0,0,0,0,FALSE
730,1,1,1,1,1,1,1,DESKTOP,WINDOWS,1,0,0,0,0,0,0,TRUE
731,1,1,2,2,1,1,1,DESKTOP,WINDOWS,1,0,0,0,0,0,0,TRUE
732,1,1,2,1,1,1,1,DESKTOP,WINDOWS,0,1,0,0,0,0,0,FALSE
733,2,4,8,470,4,1,1,DESKTOP,WINDOWS,0,2,0,0,0,0,0,TRUE
734,1,1,2,1,1,1,1,DESKTOP,WINDOWS,0,0,1,0,0,0,0,FALSE
735,1,1,2,1,1,1,1,DESKTOP,WINDOWS,1,0,0,0,0,0,0,FALSE
736,1,1,2,1,1,1,1,DESKTOP,WINDOWS,0,1,0,0,0,0,0,TRUE
737,1,1,2,2,1,1,1,DESKTOP,WINDOWS,0,0,0,1,0,0,0,FALSE
738,1,1,2,1,1,1,1,DESKTOP,WINDOWS,1,0,0,0,0,0,0,FALSE
739,2,4,8,82,4,1,1,DESKTOP,WINDOWS,0,2,0,0,0,0,0,TRUE
740,1,1,2,2,1,1,1,DESKTOP,WINDOWS,0,1,0,0,0,0,0,FALSE
741,1,1,2,1,1,1,1,DESKTOP,WINDOWS,0,0,1,0,0,0,0,TRUE
742,1,1,2,3,1,1,1,DESKTOP,WINDOWS,0,1,0,0,0,0,0,FALSE
743,1,1,2,1,1,1,1,DESKTOP,WINDOWS,0,1,0,0,0,0,0,FALSE
744,1,1,2,1,1,1,1,DESKTOP,WINDOWS,0,1,0,0,1,0,0,TRUE
745,1,1,2,1,1,28,28,DESKTOP,WINDOWS,0,0,0,1,0,0,0,FALSE
746,1,1,2,4,1,28,28,DESKTOP,WINDOWS,0,1,0,0,0,0,0,FALSE
747,1,1,2,1,1,28,28,DESKTOP,WINDOWS,0,0,1,0,0,0,0,FALSE
748,1,1,2,1,1,28,28,DESKTOP,WINDOWS,0,1,0,0,0,0,0,FALSE
749,1,1,2,1,1,28,28,DESKTOP,WINDOWS,0,1,0,0,0,0,0,FALSE
750,1,1,2,1,1,28,28,DESKTOP,WINDOWS,0,1,0,0,0,0,0,FALSE
751,1,1,2,1,1,28,28,DESKTOP,WINDOWS,0,0,1,0,0,0,0,FALSE
752,1,1,2,1,1,28,28,DESKTOP,WINDOWS,0,1,0,0,0,0,0,FALSE
753,1,1,2,1,1,28,28,DESKTOP,WINDOWS,0,1,0,0,0,0,0,FALSE
754,1,1,2,1,1,28,28,DESKTOP,MAC-OS,0,0,1,0,0,0,0,FALSE
755,1,1,2,3,1,28,28,DESKTOP,WINDOWS,1,0,0,0,0,0,0,FALSE
756,2,4,8,114,4,28,28,DESKTOP,WINDOWS,2,0,0,0,0,0,0,FALSE
757,1,2,4,27,3,21,21,DESKTOP,MAC-OS,1,0,0,0,0,0,0,FALSE
758,1,1,2,1,1,21,21,DESKTOP,WINDOWS,0,0,1,0,0,0,0,FALSE
759,1,1,2,1,1,21,21,DESKTOP,WINDOWS,0,1,0,0,0,0,0,TRUE
760,1,1,2,1,1,21,21,DESKTOP,WINDOWS,1,0,0,0,0,0,0,FALSE
761,1,1,1,1,1,21,21,MOBILE,IOS,0,1,0,0,0,0,0,FALSE
762,1,2,4,22,3,21,21,DESKTOP,WINDOWS,0,1,0,0,0,0,0,TRUE
763,1,1,2,1,1,21,21,DESKTOP,WINDOWS,0,0,1,0,0,0,0,FALSE
764,2,4,8,106,4,21,21,DESKTOP,WINDOWS,0,2,0,0,0,0,0,FALSE
765,1,1,2,1,1,21,21,DESKTOP,WINDOWS,0,1,0,0,0,0,0,FALSE
766,1,1,2,2,1,21,21,DESKTOP,WINDOWS,0,0,0,1,0,0,0,FALSE
767,1,1,2,1,1,21,21,DESKTOP,WINDOWS,0,1,0,0,0,0,0,FALSE
768,1,4,5,167,1,21,21,DESKTOP,WINDOWS,1,0,0,0,0,0,0,FALSE
769,1,1,2,1,1,21,21,DESKTOP,WINDOWS,0,1,0,0,0,0,0,TRUE
770,1,1,2,2,1,21,21,MOBILE,ANDROID,0,1,0,0,0,0,0,FALSE
771,1,1,2,10,1,21,21,DESKTOP,WINDOWS,1,0,0,0,0,0,0,FALSE
772,1,1,2,1,1,21,21,DESKTOP,WINDOWS,0,1,0,0,0,0,0,FALSE
773,1,1,2,1,1,21,21,DESKTOP,WINDOWS,0,1,0,0,0,0,0,FALSE
774,1,1,2,1,1,21,21,DESKTOP,WINDOWS,1,0,0,0,0,0,0,FALSE
775,1,1,2,3,1,21,21,DESKTOP,WINDOWS,1,0,0,0,0,0,0,FALSE
776,2,2,4,1,2,21,21,DESKTOP,WINDOWS,2,0,0,0,0,0,0,FALSE
777,1,1,2,1,1,21,21,DESKTOP,WINDOWS,1,0,0,0,0,0,0,FALSE
778,1,1,2,5,1,21,21,DESKTOP,WINDOWS,1,0,0,0,1,0,0,FALSE
779,18,103,211,10047,88,20,21,DESKTOP,WINDOWS,0,18,0,0,0,0,0,TRUE
780,1,1,2,1,1,21,21,DESKTOP,WINDOWS,0,0,0,1,0,0,0,FALSE
781,1,1,2,1,1,21,21,DESKTOP,WINDOWS,1,0,0,0,0,0,0,FALSE
782,1,1,2,3,1,21,21,DESKTOP,WINDOWS,0,1,0,0,1,0,0,FALSE
783,1,1,2,1,1,21,21,DESKTOP,WINDOWS,0,0,1,0,0,0,0,FALSE
784,1,1,2,1,1,21,21,DESKTOP,WINDOWS,0,0,1,0,0,0,0,FALSE
785,1,1,2,1,1,21,21,DESKTOP,WINDOWS,1,0,0,0,0,0,0,FALSE
786,1,1,2,1,1,0,0,DESKTOP,WINDOWS,0,0,1,0,0,0,0,FALSE
787,1,1,2,1,1,0,0,DESKTOP,WINDOWS,0,1,0,0,0,0,0,FALSE
788,1,1,2,3,1,0,0,DESKTOP,WINDOWS,1,0,0,0,0,1,0,TRUE
789,1,1,2,1,1,0,0,DESKTOP,WINDOWS,0,0,1,0,0,0,0,TRUE
790,1,1,2,1,1,0,0,DESKTOP,WINDOWS,0,0,1,0,0,0,0,TRUE
791,1,1,2,2,1,0,0,MOBILE,ANDROID,1,0,0,0,0,0,0,FALSE
792,1,1,2,1,1,0,0,DESKTOP,WINDOWS,0,0,1,0,0,0,0,TRUE
793,1,1,3,2,3,0,0,DESKTOP,WINDOWS,0,0,1,0,0,0,0,FALSE
794,1,1,2,1,1,0,0,DESKTOP,WINDOWS,0,0,1,0,0,0,0,TRUE
795,1,1,2,1,1,0,0,DESKTOP,WINDOWS,0,1,0,0,0,0,0,TRUE
796,1,1,2,1,1,0,0,DESKTOP,WINDOWS,1,0,0,0,0,0,0,TRUE
797,2,1,2,1,2,0,0,DESKTOP,WINDOWS,0,1,1,0,0,0,0,TRUE
798,1,1,2,1,1,0,0,DESKTOP,WINDOWS,0,1,0,0,0,0,0,TRUE
799,1,1,2,1,1,0,0,DESKTOP,WINDOWS,0,1,0,0,0,0,0,FALSE
800,1,1,2,1,1,0,0,DESKTOP,WINDOWS,0,0,1,0,0,0,0,TRUE
801,1,1,2,8,1,0,0,DESKTOP,WINDOWS,0,0,1,0,0,0,0,TRUE
802,2,2,4,3,2,0,0,DESKTOP,WINDOWS,0,2,0,0,0,0,0,TRUE
803,1,1,2,4,1,0,0,DESKTOP,WINDOWS,1,0,0,0,0,0,0,FALSE
804,2,4,8,74,4,0,0,DESKTOP,WINDOWS,0,2,0,0,0,0,0,TRUE
805,1,1,2,1,1,0,0,DESKTOP,WINDOWS,1,0,0,0,0,0,0,TRUE
806,1,1,2,2,1,0,0,DESKTOP,WINDOWS,0,0,1,0,0,0,0,TRUE
807,2,2,5,3,4,0,0,DESKTOP,WINDOWS,0,2,0,0,0,0,0,TRUE
808,1,1,3,8,2,0,0,DESKTOP,WINDOWS,0,0,1,0,0,0,0,TRUE
809,1,1,1,1,1,0,0,DESKTOP,WINDOWS,0,1,0,0,0,0,0,TRUE
810,1,1,2,1,1,0,0,DESKTOP,WINDOWS,1,0,0,0,0,0,0,TRUE
811,1,1,2,2,1,0,0,DESKTOP,WINDOWS,0,1,0,0,0,0,0,FALSE
812,3,3,6,3,3,0,0,DESKTOP,WINDOWS,0,0,3,0,0,0,0,TRUE
813,1,1,2,1,1,0,0,DESKTOP,MAC-OS,0,1,0,0,0,0,0,TRUE
814,1,1,2,1,1,0,0,DESKTOP,WINDOWS,1,0,0,0,0,0,0,TRUE
815,2,4,8,106,4,0,0,DESKTOP,MAC-OS,2,0,0,0,0,0,0,TRUE
816,1,1,2,2,1,0,0,DESKTOP,WINDOWS,1,0,0,0,0,0,0,TRUE
817,2,2,4,6,2,0,0,DESKTOP,WINDOWS,0,2,0,0,0,0,0,TRUE
818,2,4,8,84,4,41,41,DESKTOP,WINDOWS,0,2,0,0,0,0,0,FALSE
819,1,2,4,11,1,41,41,DESKTOP,WINDOWS,0,0,1,0,1,0,0,FALSE
820,2,4,8,10,4,41,41,DESKTOP,WINDOWS,0,0,2,0,0,0,0,FALSE
821,1,1,2,2,1,41,41,DESKTOP,WINDOWS,1,0,0,0,0,0,0,FALSE
822,1,1,1,1,1,41,41,DESKTOP,WINDOWS,1,0,0,0,0,0,0,FALSE
823,1,1,2,2,1,41,41,DESKTOP,WINDOWS,1,0,0,0,0,0,0,FALSE
824,1,1,2,1,1,41,41,DESKTOP,WINDOWS,0,0,1,0,0,0,0,FALSE
825,1,1,1,1,1,41,41,DESKTOP,WINDOWS,0,1,0,0,0,0,0,FALSE
826,1,1,2,1,1,41,41,DESKTOP,WINDOWS,0,1,0,0,0,0,0,FALSE
827,1,1,2,2,1,41,41,DESKTOP,WINDOWS,0,1,0,0,0,0,0,FALSE
828,1,1,2,1,1,41,41,DESKTOP,WINDOWS,1,0,0,0,0,0,0,FALSE
829,1,1,2,1,1,41,41,DESKTOP,WINDOWS,1,0,0,0,0,0,0,FALSE
830,1,1,2,1,1,41,41,DESKTOP,WINDOWS,0,1,0,0,0,0,0,FALSE
831,7,15,28,1330,13,41,41,DESKTOP,WINDOWS,0,7,0,0,0,0,0,FALSE
832,1,1,2,1,1,41,41,DESKTOP,WINDOWS,0,1,0,0,0,0,0,FALSE
833,1,1,2,1,1,41,41,DESKTOP,WINDOWS,0,1,0,0,0,0,0,FALSE
834,1,1,2,1,1,41,41,DESKTOP,WINDOWS,0,1,0,0,0,0,0,FALSE
835,1,4,6,302,1,41,41,DESKTOP,MAC-OS,1,0,0,0,0,0,0,FALSE
836,1,1,2,1,1,41,41,DESKTOP,WINDOWS,0,1,0,0,0,0,0,FALSE
837,3,2,5,2,3,37,41,DESKTOP,WINDOWS,2,0,1,0,0,0,0,FALSE
838,1,1,2,2,1,41,41,DESKTOP,WINDOWS,1,0,0,0,0,0,0,FALSE
839,2,4,8,26,4,41,41,DESKTOP,WINDOWS,0,0,0,2,0,0,0,FALSE
840,1,1,4,1,1,41,41,DESKTOP,WINDOWS,0,1,0,0,0,0,0,FALSE
841,2,2,4,1,2,41,41,DESKTOP,WINDOWS,0,2,0,0,0,0,0,FALSE
842,1,2,4,44,1,41,41,DESKTOP,WINDOWS,0,0,1,0,0,0,0,FALSE
843,3,3,6,3,3,41,41,DESKTOP,WINDOWS,0,3,0,0,0,0,0,FALSE
844,1,1,2,1,1,41,41,DESKTOP,WINDOWS,0,0,1,0,0,0,0,FALSE
845,1,1,2,1,1,41,41,DESKTOP,WINDOWS,1,0,0,0,0,0,0,FALSE
846,1,1,2,2,1,41,41,DESKTOP,WINDOWS,0,0,1,0,0,0,0,FALSE
847,1,1,2,17,1,41,41,DESKTOP,WINDOWS,0,1,0,0,1,0,0,FALSE
848,1,1,2,1,1,41,41,DESKTOP,WINDOWS,0,0,0,1,0,0,0,FALSE
849,2,4,8,6,3,41,41,DESKTOP,WINDOWS,0,0,2,0,0,0,0,FALSE
850,1,1,2,7,1,41,41,DESKTOP,WINDOWS,0,0,0,1,0,0,0,FALSE
851,1,1,2,1,1,41,41,DESKTOP,WINDOWS,0,1,0,0,0,0,0,FALSE
852,1,1,2,1,1,41,41,DESKTOP,WINDOWS,0,0,1,0,0,0,0,FALSE
853,1,1,2,4,1,41,41,DESKTOP,WINDOWS,0,1,0,0,0,0,0,FALSE
854,1,1,2,1,1,41,41,DESKTOP,WINDOWS,0,0,1,0,0,0,0,FALSE
855,1,1,2,4,1,34,34,DESKTOP,WINDOWS,0,1,0,0,0,0,0,FALSE
856,1,1,2,13,1,34,34,DESKTOP,WINDOWS,0,0,1,0,0,0,0,FALSE
857,1,1,2,2,1,34,34,DESKTOP,WINDOWS,0,1,0,0,0,0,0,FALSE
858,1,1,2,2,1,34,34,DESKTOP,WINDOWS,1,0,0,0,0,0,0,FALSE
859,1,1,2,4,1,34,34,DESKTOP,WINDOWS,0,1,0,0,0,0,0,FALSE
860,3,24,33,1137,14,34,34,DESKTOP,WINDOWS,0,0,3,0,0,0,0,FALSE
861,1,1,2,1,1,34,34,DESKTOP,WINDOWS,0,1,0,0,0,0,0,FALSE
862,1,1,2,3,1,34,34,DESKTOP,WINDOWS,0,0,0,1,1,0,0,FALSE
863,1,1,2,1,1,34,34,DESKTOP,WINDOWS,0,0,1,0,0,0,0,FALSE
864,1,2,3,125,1,34,34,DESKTOP,WINDOWS,1,0,0,0,0,0,0,FALSE
865,4,16,32,4480,16,34,34,DESKTOP,WINDOWS,0,4,0,0,0,0,0,FALSE
866,1,1,2,2,1,34,34,DESKTOP,WINDOWS,0,1,0,0,0,0,0,FALSE
867,1,1,2,1,1,34,34,DESKTOP,WINDOWS,0,1,0,0,0,0,0,FALSE
868,1,1,2,1,1,34,34,DESKTOP,WINDOWS,1,0,0,0,0,0,0,FALSE
869,1,1,2,7,1,34,34,DESKTOP,WINDOWS,0,1,0,0,0,0,0,FALSE
870,1,1,2,2,1,34,34,DESKTOP,WINDOWS,0,0,0,1,0,0,0,FALSE
871,1,1,2,1,1,34,34,DESKTOP,WINDOWS,0,1,0,0,0,0,0,FALSE
872,1,1,2,2,1,34,34,DESKTOP,WINDOWS,0,0,1,0,0,0,0,FALSE
873,1,1,2,1,1,34,34,DESKTOP,WINDOWS,0,1,0,0,0,0,0,FALSE
874,1,1,2,1,1,34,34,DESKTOP,WINDOWS,0,1,0,0,0,0,0,FALSE
875,1,1,2,2,1,34,34,DESKTOP,WINDOWS,0,1,0,0,0,0,0,FALSE
876,1,1,1,1,1,34,34,DESKTOP,WINDOWS,0,1,0,0,0,0,0,FALSE
877,1,3,5,23,4,34,34,DESKTOP,WINDOWS,1,0,0,0,0,0,0,FALSE
878,1,1,2,1,1,34,34,DESKTOP,WINDOWS,1,0,0,0,0,0,0,FALSE
879,1,1,2,1,1,34,34,DESKTOP,WINDOWS,0,1,0,0,0,0,0,FALSE
880,1,1,2,1,1,34,34,DESKTOP,WINDOWS,0,1,0,0,0,0,0,FALSE
881,1,1,2,3,1,34,34,DESKTOP,WINDOWS,1,0,0,0,0,0,0,FALSE
882,1,1,2,1,1,27,27,DESKTOP,WINDOWS,0,1,0,0,0,0,0,FALSE
883,1,1,2,2,1,27,27,DESKTOP,WINDOWS,1,0,0,0,0,0,0,FALSE
884,1,2,4,104,1,27,27,DESKTOP,WINDOWS,0,0,1,0,0,1,0,FALSE
885,1,1,2,1,1,27,27,DESKTOP,WINDOWS,0,1,0,0,0,0,0,FALSE
886,3,5,10,31,5,27,27,DESKTOP,WINDOWS,0,3,0,0,0,0,0,FALSE
887,1,1,2,1,1,27,27,DESKTOP,WINDOWS,0,0,1,0,0,0,0,FALSE
888,1,1,2,1,1,27,27,DESKTOP,WINDOWS,1,0,0,0,0,0,0,FALSE
889,1,1,2,2,1,27,27,DESKTOP,WINDOWS,0,1,0,0,0,0,0,FALSE
890,1,1,2,1,1,27,27,DESKTOP,WINDOWS,0,1,0,0,0,0,0,FALSE
891,1,1,2,1,1,27,27,DESKTOP,WINDOWS,1,0,0,0,0,0,0,FALSE
892,1,1,2,1,1,27,27,DESKTOP,WINDOWS,0,0,1,0,0,0,0,FALSE
893,1,1,2,1,1,27,27,DESKTOP,WINDOWS,1,0,0,0,0,0,0,FALSE
894,1,1,2,2,1,27,27,DESKTOP,WINDOWS,0,1,0,0,0,0,1,FALSE
895,1,1,2,1,1,27,27,DESKTOP,WINDOWS,0,1,0,0,1,0,0,FALSE
896,2,2,4,3,2,27,27,DESKTOP,WINDOWS,0,0,0,2,0,0,0,FALSE
897,1,1,2,2,1,27,27,DESKTOP,WINDOWS,0,0,1,0,0,0,0,FALSE
898,1,1,2,1,1,27,27,DESKTOP,WINDOWS,1,0,0,0,0,0,0,FALSE
899,1,1,2,1,1,27,27,DESKTOP,WINDOWS,0,0,0,1,0,0,0,FALSE
900,1,1,2,1,1,27,27,DESKTOP,WINDOWS,0,1,0,0,0,0,0,FALSE
901,1,1,2,1,1,27,27,DESKTOP,WINDOWS,0,1,0,0,0,0,0,FALSE
902,1,1,2,1,1,27,27,DESKTOP,WINDOWS,1,0,0,0,0,0,0,FALSE
903,1,1,2,1,1,27,27,DESKTOP,WINDOWS,1,0,0,0,0,0,0,FALSE
904,1,1,2,1,1,27,27,DESKTOP,WINDOWS,0,0,1,0,0,0,0,FALSE
905,2,10,18,598,8,27,27,DESKTOP,MAC-OS,0,2,0,0,0,0,0,FALSE
906,1,1,2,7,1,27,27,DESKTOP,WINDOWS,0,1,0,0,0,0,0,FALSE
907,1,1,2,11,1,27,27,DESKTOP,WINDOWS,0,1,0,0,0,0,0,FALSE
908,2,4,8,24,4,20,20,DESKTOP,WINDOWS,0,2,0,0,0,0,0,FALSE
909,1,1,2,1,1,20,20,DESKTOP,WINDOWS,0,1,0,0,0,0,0,FALSE
910,2,4,8,1070,4,20,20,DESKTOP,WINDOWS,0,0,2,0,0,0,0,FALSE
911,3,5,10,648,5,20,20,MOBILE,ANDROID,0,3,0,0,0,0,0,FALSE
912,1,1,2,3,1,20,20,DESKTOP,WINDOWS,0,1,0,0,0,0,0,FALSE
913,1,1,1,1,1,20,20,DESKTOP,WINDOWS,0,1,0,0,0,0,0,FALSE
914,1,1,2,1,1,20,20,DESKTOP,WINDOWS,1,0,0,0,0,0,0,FALSE
915,1,1,2,1,1,20,20,DESKTOP,WINDOWS,0,0,1,0,0,0,0,FALSE
916,1,1,2,14,1,20,20,DESKTOP,WINDOWS,0,0,0,1,0,0,0,FALSE
917,2,12,24,852,8,20,20,DESKTOP,MAC-OS,0,1,1,0,0,0,0,FALSE
918,1,1,2,3,1,20,20,DESKTOP,WINDOWS,1,0,0,0,0,0,0,FALSE
919,1,1,2,1,1,20,20,DESKTOP,WINDOWS,1,0,0,0,0,0,0,FALSE
920,1,1,2,2,1,20,20,DESKTOP,WINDOWS,1,0,0,0,0,0,0,FALSE
921,1,1,2,1,1,20,20,DESKTOP,WINDOWS,1,0,0,0,0,0,0,FALSE
922,2,4,8,112,4,20,20,DESKTOP,WINDOWS,0,0,2,0,0,0,0,FALSE
923,1,1,2,8,1,20,20,DESKTOP,WINDOWS,0,1,0,0,1,0,0,FALSE
924,1,1,2,1,1,20,20,DESKTOP,WINDOWS,0,1,0,0,0,0,0,FALSE
925,2,3,6,353,4,20,37,DESKTOP,WINDOWS,0,0,2,0,0,0,0,TRUE
926,1,1,2,8,1,20,20,DESKTOP,WINDOWS,1,0,0,0,0,0,0,FALSE
927,2,4,8,66,4,20,20,DESKTOP,WINDOWS,2,0,0,0,1,0,0,FALSE
928,3,5,10,116,5,20,20,DESKTOP,WINDOWS,3,0,0,0,0,0,0,FALSE
929,1,1,2,1,1,20,20,DESKTOP,WINDOWS,0,1,0,0,0,0,0,FALSE
930,1,1,2,2,1,20,20,DESKTOP,WINDOWS,0,1,0,0,0,0,0,FALSE
931,1,1,2,1,1,20,20,DESKTOP,WINDOWS,0,1,0,0,0,0,0,FALSE
932,1,1,2,1,1,20,20,DESKTOP,WINDOWS,0,1,0,0,0,0,0,FALSE
933,1,1,2,1,1,20,20,DESKTOP,WINDOWS,0,0,1,0,0,0,0,FALSE
934,1,1,2,1,1,20,20,DESKTOP,WINDOWS,0,0,1,0,0,0,0,FALSE
935,3,9,18,369,9,20,20,DESKTOP,WINDOWS,0,3,0,0,3,0,0,TRUE
936,1,1,2,1,1,20,20,DESKTOP,WINDOWS,0,1,0,0,0,0,0,FALSE
937,2,4,8,2754,4,20,20,DESKTOP,WINDOWS,0,2,0,0,0,0,0,FALSE
938,1,1,2,2,1,20,20,DESKTOP,WINDOWS,0,1,0,0,0,0,0,TRUE
939,1,1,2,1,1,20,20,DESKTOP,WINDOWS,0,1,0,0,0,0,0,FALSE
940,1,1,2,10,1,20,20,DESKTOP,WINDOWS,0,1,0,0,0,0,0,TRUE
941,4,16,32,4464,16,20,20,MOBILE,IOS,0,4,0,0,0,0,0,FALSE
942,1,3,6,90,1,20,20,DESKTOP,WINDOWS,0,1,0,0,0,0,0,FALSE
943,2,2,4,2,2,16,20,DESKTOP,WINDOWS,0,0,2,0,1,0,0,FALSE
944,1,1,2,1,1,20,20,DESKTOP,WINDOWS,0,1,0,0,0,0,0,FALSE
945,1,1,2,1,1,20,20,DESKTOP,WINDOWS,0,0,1,0,0,0,0,FALSE
946,1,1,2,3,1,7,7,DESKTOP,WINDOWS,1,0,0,0,0,0,0,FALSE
947,1,1,2,2,1,7,7,DESKTOP,WINDOWS,0,1,0,0,0,0,0,TRUE
948,1,1,2,1,1,7,7,DESKTOP,WINDOWS,0,1,0,0,0,0,0,FALSE
949,2,2,4,25,2,5,7,DESKTOP,WINDOWS,2,0,0,0,0,0,0,TRUE
950,1,2,4,20,3,7,7,DESKTOP,WINDOWS,0,1,0,0,0,0,0,TRUE
951,1,1,1,1,1,7,7,MOBILE,IOS,0,1,0,0,0,0,0,TRUE
952,1,1,2,1,1,7,7,MOBILE,IOS,0,1,0,0,0,0,0,FALSE
953,1,1,2,1,1,7,7,DESKTOP,WINDOWS,0,0,1,0,0,0,0,TRUE
954,1,1,2,1,1,7,7,DESKTOP,WINDOWS,0,1,0,0,0,0,0,FALSE
955,1,1,2,1,1,7,7,DESKTOP,WINDOWS,0,1,0,0,0,0,0,FALSE
956,1,1,2,1,1,7,7,DESKTOP,WINDOWS,0,1,0,0,0,0,0,FALSE
957,1,1,2,7,1,7,7,DESKTOP,WINDOWS,0,1,0,0,0,0,0,TRUE
958,1,1,2,1,1,7,7,DESKTOP,WINDOWS,0,0,1,0,0,0,0,FALSE
959,1,2,4,30,1,7,7,DESKTOP,WINDOWS,0,0,1,0,0,0,0,FALSE
960,1,1,1,1,3,7,7,TABLET,Android,0,0,0,1,0,0,0,FALSE
961,1,3,5,11,4,7,7,DESKTOP,WINDOWS,0,1,0,0,0,0,0,FALSE
962,1,2,4,441,1,7,7,DESKTOP,WINDOWS,0,0,1,0,0,0,0,FALSE
963,1,1,2,1,1,7,7,DESKTOP,WINDOWS,1,0,0,0,0,0,0,TRUE
964,1,1,2,1,1,7,7,DESKTOP,WINDOWS,1,0,0,0,0,0,0,TRUE
965,1,1,2,1,1,7,7,DESKTOP,WINDOWS,0,1,0,0,0,0,0,FALSE
966,1,1,3,1,2,7,7,DESKTOP,WINDOWS,0,1,0,0,0,0,0,TRUE
967,1,1,2,1,1,7,7,DESKTOP,MAC-OS,0,0,1,0,0,0,0,FALSE
968,1,1,2,1,1,7,7,DESKTOP,WINDOWS,0,1,0,0,1,0,0,FALSE
969,2,4,8,66,4,7,7,DESKTOP,WINDOWS,0,2,0,0,0,0,0,FALSE
970,1,1,2,1,1,7,7,DESKTOP,WINDOWS,0,1,0,0,0,0,0,FALSE
971,1,1,2,1,2,7,7,DESKTOP,WINDOWS,0,1,0,0,0,0,0,FALSE
972,1,1,2,1,1,7,7,DESKTOP,WINDOWS,0,1,0,0,0,0,0,FALSE
973,1,1,2,1,1,7,7,DESKTOP,WINDOWS,0,1,0,0,0,0,0,FALSE
974,2,4,8,244,4,7,7,DESKTOP,WINDOWS,0,2,0,0,0,0,0,FALSE
975,1,1,1,1,1,7,7,DESKTOP,WINDOWS,0,1,0,0,0,0,0,FALSE
976,1,1,2,2,1,7,7,DESKTOP,WINDOWS,0,1,0,0,0,0,0,TRUE
977,1,1,2,1,1,7,7,DESKTOP,WINDOWS,1,0,0,0,0,0,1,FALSE
978,1,1,2,1,1,7,7,DESKTOP,WINDOWS,0,0,1,0,0,0,0,TRUE
979,1,1,1,1,1,7,7,DESKTOP,WINDOWS,0,0,1,0,0,0,0,FALSE
980,1,1,2,2,1,7,7,DESKTOP,WINDOWS,0,0,1,0,0,0,0,FALSE
981,2,4,8,512,4,7,7,DESKTOP,WINDOWS,0,2,0,0,0,0,0,FALSE
982,1,1,2,1,1,7,7,DESKTOP,WINDOWS,0,1,0,0,0,0,0,FALSE
983,1,1,2,1,1,7,7,DESKTOP,WINDOWS,0,1,0,0,0,0,0,FALSE
984,1,1,2,1,1,48,48,DESKTOP,WINDOWS,0,0,1,0,0,0,0,FALSE
985,1,1,2,1,1,48,48,DESKTOP,WINDOWS,0,0,1,0,0,0,0,FALSE
986,1,2,3,49,1,48,48,DESKTOP,WINDOWS,0,0,1,0,0,0,0,FALSE
987,1,1,2,2,1,48,48,DESKTOP,WINDOWS,0,0,1,0,0,0,0,FALSE
988,1,1,2,1,1,48,48,DESKTOP,WINDOWS,0,1,0,0,0,0,0,FALSE
989,1,1,2,1,1,48,48,TABLET,Android,0,1,0,0,1,0,0,FALSE
990,2,4,8,410,4,48,48,DESKTOP,WINDOWS,0,0,2,0,0,0,0,FALSE
991,1,1,2,3,1,48,48,DESKTOP,WINDOWS,0,0,1,0,0,0,0,FALSE
992,1,1,2,1,1,48,48,DESKTOP,WINDOWS,0,1,0,0,0,0,0,FALSE
993,1,6,11,476,10,48,48,DESKTOP,WINDOWS,0,0,1,0,0,0,0,FALSE
994,1,1,2,1,1,48,48,DESKTOP,MAC-OS,0,0,0,1,1,0,0,FALSE
995,1,1,1,1,1,48,48,DESKTOP,WINDOWS,0,0,1,0,0,0,0,FALSE
996,1,1,2,1,1,48,48,DESKTOP,WINDOWS,0,0,1,0,0,0,0,FALSE
997,1,4,8,718,3,48,48,DESKTOP,WINDOWS,0,0,1,0,0,0,0,FALSE
998,1,1,2,1,1,48,48,DESKTOP,WINDOWS,0,1,0,0,0,0,0,FALSE
999,1,2,4,106,1,48,48,DESKTOP,WINDOWS,0,0,1,0,1,0,0,FALSE
1000,1,1,2,2,1,48,48,DESKTOP,WINDOWS,0,0,1,0,0,0,0,FALSE
1001,1,1,2,1,1,48,48,DESKTOP,WINDOWS,0,0,1,0,0,0,0,FALSE
1002,1,1,2,2,1,3,3,DESKTOP,WINDOWS,0,0,1,0,0,0,0,TRUE
1003,1,1,2,9,1,3,3,DESKTOP,WINDOWS,0,1,0,0,0,0,0,FALSE
1004,1,1,2,3,1,3,3,DESKTOP,WINDOWS,0,1,0,0,0,0,0,TRUE
1005,1,1,1,1,1,3,3,DESKTOP,WINDOWS,0,0,1,0,0,0,0,TRUE
1006,1,1,2,5,1,3,3,DESKTOP,WINDOWS,0,1,0,0,0,0,0,FALSE
1007,1,2,3,38,1,3,3,DESKTOP,WINDOWS,1,0,0,0,0,0,0,FALSE
1008,1,2,4,193,1,3,3,DESKTOP,WINDOWS,0,1,0,0,0,0,0,FALSE
1009,1,1,2,1,1,3,3,DESKTOP,WINDOWS,0,1,0,0,0,0,0,FALSE
1010,1,1,2,2,1,3,3,DESKTOP,WINDOWS,0,0,1,0,0,0,0,FALSE
1011,1,1,2,3,1,3,3,DESKTOP,WINDOWS,0,1,0,0,0,0,0,TRUE
1012,1,2,3,5,1,3,3,DESKTOP,WINDOWS,0,0,1,0,0,0,0,FALSE
1013,1,1,2,1,1,3,3,DESKTOP,WINDOWS,0,0,1,0,0,0,0,FALSE
1014,2,1,4,1,3,3,3,DESKTOP,WINDOWS,0,2,0,0,0,0,0,FALSE
1015,1,1,2,2,1,3,3,DESKTOP,WINDOWS,0,0,1,0,0,0,0,FALSE
1016,1,1,2,5,1,3,3,DESKTOP,WINDOWS,0,0,0,1,0,0,0,FALSE
1017,1,1,2,1,1,3,3,DESKTOP,WINDOWS,0,0,0,1,0,0,0,TRUE
1018,1,1,1,1,1,3,3,DESKTOP,WINDOWS,0,1,0,0,0,0,0,TRUE
1019,1,1,1,1,1,3,3,DESKTOP,WINDOWS,0,1,0,0,0,0,0,TRUE
1020,1,1,2,1,1,37,37,DESKTOP,WINDOWS,1,0,0,0,0,0,0,FALSE
1021,1,1,2,11,1,37,37,TABLET,Android,0,0,0,1,0,0,0,FALSE
1022,1,1,2,1,1,37,37,DESKTOP,WINDOWS,0,1,0,0,0,0,0,FALSE
1023,2,1,3,1,2,37,37,DESKTOP,WINDOWS,0,2,0,0,0,0,0,FALSE
1024,1,1,2,2,1,37,37,DESKTOP,WINDOWS,0,1,0,0,0,0,0,FALSE
1025,2,3,5,120,2,18,37,DESKTOP,WINDOWS,1,0,1,0,0,0,0,FALSE
1026,1,1,2,1,1,37,37,DESKTOP,WINDOWS,1,0,0,0,0,0,0,FALSE
1027,4,16,32,2068,16,37,37,DESKTOP,WINDOWS,4,0,0,0,0,0,0,FALSE
1028,1,1,2,1,1,37,37,DESKTOP,MAC-OS,0,1,0,0,0,0,0,FALSE
1029,1,1,2,1,1,37,37,DESKTOP,WINDOWS,0,0,1,0,0,0,0,FALSE
1030,1,5,9,215,3,37,37,DESKTOP,WINDOWS,0,0,1,0,0,0,0,FALSE
1031,1,2,4,260,1,37,37,DESKTOP,WINDOWS,0,1,0,0,0,0,0,FALSE
1032,1,1,2,1,1,37,37,DESKTOP,WINDOWS,0,1,0,0,0,0,0,FALSE
1033,1,1,2,1,1,37,37,DESKTOP,WINDOWS,1,0,0,0,0,0,0,FALSE
1034,1,1,2,3,1,37,37,DESKTOP,WINDOWS,0,0,0,1,0,0,0,FALSE
1035,1,1,2,1,1,37,37,DESKTOP,WINDOWS,0,0,1,0,0,0,0,FALSE
1036,1,1,2,1,1,37,37,DESKTOP,WINDOWS,0,1,0,0,0,0,0,FALSE
1037,1,1,2,1,1,37,37,DESKTOP,WINDOWS,0,1,0,0,0,0,0,FALSE
1038,1,1,2,10,1,37,37,DESKTOP,WINDOWS,0,1,0,0,0,0,0,FALSE
1039,1,1,2,1,1,37,37,DESKTOP,WINDOWS,0,1,0,0,0,0,0,FALSE
1040,1,1,2,1,1,37,37,DESKTOP,WINDOWS,0,0,1,0,0,0,0,FALSE
1041,1,1,2,2,1,37,37,DESKTOP,WINDOWS,0,0,1,0,0,0,0,FALSE
1042,1,1,2,1,1,37,37,DESKTOP,WINDOWS,0,1,0,0,0,0,0,FALSE
1043,1,1,2,1,1,37,37,DESKTOP,WINDOWS,1,0,0,0,0,0,0,FALSE
1044,1,1,2,1,1,37,37,DESKTOP,WINDOWS,0,1,0,0,0,0,0,FALSE
1045,1,2,3,89,1,37,37,DESKTOP,WINDOWS,0,1,0,0,0,0,0,FALSE
1046,1,1,2,1,1,37,37,DESKTOP,WINDOWS,0,1,0,0,0,0,0,FALSE
1047,1,1,2,1,1,30,30,DESKTOP,WINDOWS,1,0,0,0,0,0,0,FALSE
1048,2,2,4,1,2,30,30,DESKTOP,WINDOWS,2,0,0,0,0,0,0,FALSE
1049,1,1,2,1,1,30,30,DESKTOP,WINDOWS,0,0,0,1,0,0,0,FALSE
1050,1,1,2,5,1,30,30,DESKTOP,WINDOWS,0,1,0,0,0,0,0,FALSE
1051,1,1,2,1,1,30,30,DESKTOP,WINDOWS,0,0,0,1,0,0,0,FALSE
1052,1,1,2,1,2,30,30,DESKTOP,WINDOWS,0,1,0,0,0,0,0,FALSE
1053,1,1,2,2,1,30,30,DESKTOP,WINDOWS,0,1,0,0,0,0,0,TRUE
1054,1,1,2,2,1,30,30,DESKTOP,WINDOWS,1,0,0,0,0,0,0,FALSE
1055,1,1,2,4,1,30,30,DESKTOP,WINDOWS,0,1,0,0,0,0,0,FALSE
1056,1,1,2,2,1,30,30,DESKTOP,WINDOWS,0,1,0,0,0,0,0,FALSE
1057,1,1,1,1,1,30,30,DESKTOP,WINDOWS,0,1,0,0,0,0,0,FALSE
1058,1,1,2,1,1,30,30,DESKTOP,WINDOWS,0,1,0,0,0,0,0,FALSE
1059,1,1,2,1,1,30,30,DESKTOP,WINDOWS,0,0,1,0,0,0,0,FALSE
1060,1,1,1,1,1,30,30,DESKTOP,WINDOWS,1,0,0,0,0,0,0,FALSE
1061,1,1,2,1,1,30,30,DESKTOP,WINDOWS,1,0,0,0,0,0,0,FALSE
1062,1,1,2,1,1,30,30,DESKTOP,MAC-OS,0,0,1,0,0,0,0,FALSE
1063,1,1,2,1,1,30,30,DESKTOP,WINDOWS,0,1,0,0,0,0,0,FALSE
1064,1,1,2,2,1,30,30,DESKTOP,MAC-OS,0,1,0,0,0,0,0,FALSE
1065,1,1,2,1,1,30,30,DESKTOP,WINDOWS,1,0,0,0,0,0,0,FALSE
1066,1,2,4,146,3,30,30,DESKTOP,WINDOWS,0,1,0,0,0,0,0,FALSE
1067,1,2,3,8,1,30,30,DESKTOP,WINDOWS,0,1,0,0,0,0,0,FALSE
1068,3,5,10,161,5,30,30,DESKTOP,WINDOWS,0,0,3,0,0,0,0,FALSE
1069,1,1,2,1,1,30,30,DESKTOP,WINDOWS,1,0,0,0,0,0,0,FALSE
1070,1,2,4,47,3,16,16,DESKTOP,WINDOWS,1,0,0,0,0,0,0,FALSE
1071,1,1,1,1,1,16,16,DESKTOP,WINDOWS,1,0,0,0,0,0,0,FALSE
1072,1,4,6,85,1,16,16,DESKTOP,WINDOWS,0,1,0,0,0,0,0,FALSE
1073,2,4,8,1644,4,16,16,DESKTOP,WINDOWS,0,1,1,0,0,0,0,FALSE
1074,1,1,1,1,1,16,16,DESKTOP,WINDOWS,1,0,0,0,0,0,0,FALSE
1075,1,1,2,3,1,16,16,DESKTOP,MAC-OS,0,1,0,0,0,0,0,FALSE
1076,1,1,2,1,1,16,16,DESKTOP,WINDOWS,1,0,0,0,0,0,0,FALSE
1077,1,1,2,18,1,16,16,DESKTOP,WINDOWS,0,1,0,0,0,0,0,FALSE
1078,1,1,2,2,1,16,16,DESKTOP,WINDOWS,0,1,0,0,0,0,0,FALSE
1079,1,1,2,1,1,16,16,DESKTOP,WINDOWS,1,0,0,0,0,0,0,FALSE
1080,1,1,2,1,1,16,16,DESKTOP,WINDOWS,0,0,0,1,0,0,0,FALSE
1081,1,1,1,1,1,16,16,DESKTOP,WINDOWS,0,0,1,0,0,0,0,FALSE
1082,1,1,1,1,1,16,16,TABLET,Android,1,0,0,0,0,0,0,FALSE
1083,1,1,2,1,1,16,16,DESKTOP,WINDOWS,0,1,0,0,0,0,0,FALSE
1084,1,1,2,1,1,16,16,DESKTOP,WINDOWS,0,1,0,0,0,0,0,FALSE
1085,1,1,2,1,1,16,16,DESKTOP,WINDOWS,0,0,1,0,0,0,0,FALSE
1086,1,1,2,1,1,16,16,DESKTOP,WINDOWS,0,1,0,0,0,0,0,TRUE
1087,1,1,2,1,1,16,16,DESKTOP,WINDOWS,0,0,0,1,0,0,0,FALSE
1088,1,1,2,1,1,16,16,DESKTOP,Linux,1,0,0,0,0,0,0,FALSE
1089,1,1,2,1,1,16,16,DESKTOP,WINDOWS,0,0,0,1,0,0,0,FALSE
1090,1,1,2,10,1,16,16,DESKTOP,WINDOWS,0,1,0,0,0,0,0,FALSE
1091,1,2,4,682,3,16,16,DESKTOP,WINDOWS,0,1,0,0,0,0,0,FALSE
1092,1,1,2,2,1,16,16,DESKTOP,WINDOWS,0,1,0,0,0,0,0,FALSE
1093,1,1,2,2,1,16,16,DESKTOP,WINDOWS,0,0,1,0,0,0,0,FALSE
1094,2,2,4,3,2,16,16,DESKTOP,WINDOWS,0,2,0,0,0,0,0,FALSE
1095,1,2,4,41,1,16,16,DESKTOP,WINDOWS,0,1,0,0,0,0,0,FALSE
1096,1,1,2,1,1,16,16,DESKTOP,WINDOWS,0,0,1,0,0,0,0,TRUE
1097,1,1,2,2,1,16,16,DESKTOP,WINDOWS,0,0,1,0,0,0,0,FALSE
1098,1,1,2,1,1,16,16,DESKTOP,WINDOWS,0,0,1,0,0,0,0,FALSE
1099,1,1,2,1,1,16,16,DESKTOP,WINDOWS,1,0,0,0,0,0,0,TRUE
1100,3,3,8,3,5,16,16,DESKTOP,WINDOWS,0,3,0,0,0,0,0,FALSE
1101,1,3,6,137,3,16,16,DESKTOP,WINDOWS,0,0,1,0,0,0,0,FALSE
1102,1,1,2,1,1,16,16,DESKTOP,WINDOWS,0,0,1,0,0,0,0,FALSE
1103,1,3,5,114,4,16,16,DESKTOP,WINDOWS,0,1,0,0,0,0,0,FALSE
1104,1,1,2,1,1,16,16,DESKTOP,WINDOWS,0,1,0,0,0,0,0,FALSE
1105,1,1,2,1,1,23,23,DESKTOP,WINDOWS,0,1,0,0,0,0,0,FALSE
1106,1,1,2,1,1,23,23,DESKTOP,WINDOWS,1,0,0,0,0,0,0,FALSE
1107,1,1,2,2,1,23,23,DESKTOP,WINDOWS,0,1,0,0,0,0,0,FALSE
1108,1,1,2,1,1,23,23,DESKTOP,WINDOWS,0,1,0,0,0,0,0,FALSE
1109,1,1,2,5,1,23,23,DESKTOP,MAC-OS,1,0,0,0,0,0,0,FALSE
1110,1,1,2,1,1,23,23,DESKTOP,WINDOWS,0,0,1,0,0,0,0,FALSE
1111,1,1,2,1,1,23,23,DESKTOP,WINDOWS,0,0,1,0,0,0,0,FALSE
1112,1,1,2,3,1,23,23,DESKTOP,WINDOWS,1,0,0,0,0,0,0,FALSE
1113,1,1,2,1,1,23,23,DESKTOP,WINDOWS,0,1,0,0,0,1,0,FALSE
1114,1,1,2,1,1,23,23,DESKTOP,WINDOWS,0,1,0,0,0,0,0,FALSE
1115,1,1,2,1,1,23,23,DESKTOP,WINDOWS,0,1,0,0,0,0,0,FALSE
1116,2,4,8,746,4,23,23,DESKTOP,WINDOWS,0,2,0,0,0,0,0,FALSE
1117,1,1,2,4,1,23,23,DESKTOP,WINDOWS,0,1,0,0,0,0,0,FALSE
1118,1,3,6,260,5,23,23,DESKTOP,WINDOWS,1,0,0,0,0,0,0,FALSE
1119,1,1,2,1,1,23,23,DESKTOP,WINDOWS,0,0,0,1,0,0,0,FALSE
1120,1,1,2,2,1,23,23,DESKTOP,WINDOWS,0,1,0,0,0,0,0,FALSE
1121,1,1,2,2,1,23,23,DESKTOP,WINDOWS,0,0,1,0,0,0,0,FALSE
1122,1,1,2,1,1,23,23,DESKTOP,WINDOWS,0,1,0,0,0,0,0,FALSE
1123,1,1,1,1,1,23,23,DESKTOP,MAC-OS,0,1,0,0,0,0,0,FALSE
1124,3,5,10,354,5,23,23,DESKTOP,WINDOWS,0,3,0,0,0,0,0,FALSE
1125,1,1,2,1,1,23,23,DESKTOP,WINDOWS,1,0,0,0,0,0,0,FALSE
1126,1,1,1,1,1,23,23,TABLET,Android,0,0,0,1,0,0,0,FALSE
1127,1,1,2,1,1,23,23,DESKTOP,WINDOWS,0,1,0,0,0,0,0,FALSE
1128,2,3,6,3,3,23,23,DESKTOP,WINDOWS,1,1,0,0,0,0,0,FALSE
1129,1,1,2,1,1,23,23,DESKTOP,WINDOWS,0,0,1,0,0,0,0,FALSE
1130,1,2,4,28,3,23,23,DESKTOP,WINDOWS,0,1,0,0,0,0,0,FALSE
1131,1,1,3,2,1,23,23,DESKTOP,WINDOWS,0,0,0,1,0,0,0,FALSE
1132,1,1,2,1,1,23,23,DESKTOP,WINDOWS,0,1,0,0,0,0,0,FALSE
1133,1,1,2,1,1,23,23,DESKTOP,MAC-OS,0,1,0,0,0,1,0,FALSE
1134,1,1,2,1,1,23,23,DESKTOP,WINDOWS,0,0,1,0,0,0,0,FALSE
1135,1,2,4,92,1,23,23,DESKTOP,WINDOWS,0,1,0,0,0,0,0,FALSE
1136,1,1,2,1,1,10,10,DESKTOP,WINDOWS,0,0,0,1,0,0,0,FALSE
1137,1,1,2,12,1,10,10,DESKTOP,WINDOWS,0,1,0,0,0,0,0,FALSE
1138,1,1,3,9,3,10,10,DESKTOP,WINDOWS,0,0,0,1,0,0,0,TRUE
1139,1,1,2,5,1,10,10,DESKTOP,WINDOWS,0,1,0,0,0,0,0,FALSE
1140,2,2,6,110,3,10,10,DESKTOP,Linux,2,0,0,0,0,0,0,FALSE
1141,1,1,2,4,1,10,10,DESKTOP,WINDOWS,0,1,0,0,0,0,0,FALSE
1142,1,1,2,2,1,10,10,DESKTOP,WINDOWS,0,1,0,0,0,0,0,FALSE
1143,1,1,2,1,1,10,10,DESKTOP,WINDOWS,0,0,1,0,0,0,0,FALSE
1144,2,2,6,4,4,10,10,DESKTOP,WINDOWS,0,0,2,0,0,0,0,TRUE
1145,1,1,1,1,1,10,10,DESKTOP,WINDOWS,0,0,0,1,0,0,0,FALSE
1146,1,2,4,124,1,10,10,DESKTOP,WINDOWS,0,0,1,0,0,0,0,FALSE
1147,1,1,2,1,1,10,10,DESKTOP,MAC-OS,0,0,1,0,0,0,0,FALSE
1148,1,1,2,1,1,10,10,DESKTOP,WINDOWS,0,0,0,1,0,0,0,FALSE
1149,1,1,2,2,1,44,44,DESKTOP,WINDOWS,0,0,1,0,0,0,0,FALSE
1150,1,1,2,1,1,44,44,DESKTOP,WINDOWS,0,0,1,0,0,0,0,FALSE
1151,2,3,6,128,4,44,44,DESKTOP,Linux,0,2,0,0,0,0,0,FALSE
1152,2,4,8,28,4,44,44,DESKTOP,WINDOWS,0,2,0,0,0,0,0,FALSE
1153,1,1,2,1,1,44,44,DESKTOP,WINDOWS,0,0,1,0,0,0,0,FALSE
1154,1,1,2,2,1,44,44,DESKTOP,WINDOWS,0,0,1,0,0,0,0,FALSE
1155,1,1,1,1,1,44,44,DESKTOP,WINDOWS,0,1,0,0,0,0,0,FALSE
1156,1,1,2,1,1,44,44,DESKTOP,WINDOWS,0,0,1,0,0,0,0,FALSE
1157,1,1,2,2,1,44,44,DESKTOP,WINDOWS,0,0,1,0,0,0,0,FALSE
1158,1,1,2,1,1,44,44,DESKTOP,WINDOWS,0,1,0,0,0,0,0,FALSE
1159,1,1,2,1,1,44,44,DESKTOP,WINDOWS,0,1,0,0,0,0,0,FALSE
1160,1,1,2,1,1,44,44,DESKTOP,WINDOWS,0,1,0,0,0,0,0,FALSE
1161,1,3,4,154,1,44,44,DESKTOP,WINDOWS,0,1,0,0,0,0,0,FALSE
1162,2,4,12,38,5,44,44,DESKTOP,WINDOWS,2,0,0,0,2,0,0,FALSE
1163,1,1,2,1,1,44,44,DESKTOP,WINDOWS,0,0,1,0,1,0,0,FALSE
1164,1,1,2,1,1,44,44,DESKTOP,WINDOWS,0,0,1,0,0,0,0,FALSE
1165,1,2,4,30,3,44,44,DESKTOP,WINDOWS,0,0,1,0,0,0,0,FALSE
1166,1,1,2,1,1,44,44,DESKTOP,WINDOWS,1,0,0,0,0,0,0,FALSE
1167,1,2,4,642,4,44,44,DESKTOP,WINDOWS,1,0,0,0,0,0,0,FALSE
1168,1,1,2,1,1,44,44,DESKTOP,WINDOWS,0,1,0,0,0,0,0,FALSE
1169,1,1,2,2,1,44,44,DESKTOP,WINDOWS,0,1,0,0,0,0,0,FALSE
1170,1,185,186,5313,1,44,44,DESKTOP,WINDOWS,0,1,0,0,0,0,0,FALSE
1171,2,4,8,138,4,44,44,DESKTOP,WINDOWS,0,2,0,0,0,0,0,FALSE
1172,1,1,2,1,1,44,44,DESKTOP,WINDOWS,0,0,1,0,0,0,0,FALSE
1173,1,1,2,4,1,44,44,DESKTOP,WINDOWS,0,1,0,0,0,0,0,FALSE
1174,1,1,2,1,1,44,44,DESKTOP,WINDOWS,1,0,0,0,1,0,0,FALSE
1175,3,9,18,366,9,44,44,DESKTOP,WINDOWS,0,3,0,0,0,0,0,FALSE
1176,2,1,3,4,2,44,44,DESKTOP,WINDOWS,0,1,1,0,0,0,0,FALSE
1177,1,1,2,1,1,44,44,DESKTOP,WINDOWS,0,1,0,0,0,0,0,FALSE
1178,2,4,8,734,4,44,44,DESKTOP,WINDOWS,0,0,2,0,0,0,0,FALSE
1179,1,1,1,1,1,44,44,DESKTOP,WINDOWS,1,0,0,0,0,0,0,FALSE
1180,1,1,2,1,1,44,44,DESKTOP,MAC-OS,0,0,1,0,0,0,0,FALSE
1181,1,1,2,1,1,44,44,DESKTOP,WINDOWS,1,0,0,0,0,0,0,FALSE
1182,2,4,8,6,4,44,44,DESKTOP,WINDOWS,2,0,0,0,2,0,0,FALSE
1183,1,1,2,1,1,5,5,DESKTOP,WINDOWS,1,0,0,0,0,0,0,FALSE
1184,1,1,2,1,1,5,5,DESKTOP,WINDOWS,0,0,1,0,0,0,0,TRUE
1185,1,1,2,2,1,5,5,DESKTOP,MAC-OS,1,0,0,0,0,0,0,FALSE
1186,1,1,2,1,1,5,5,DESKTOP,WINDOWS,1,0,0,0,0,0,0,FALSE
1187,1,1,2,4,1,5,5,DESKTOP,WINDOWS,0,1,0,0,0,0,0,TRUE
1188,1,1,1,1,1,5,5,MOBILE,ANDROID,0,0,0,1,0,0,0,FALSE
1189,1,1,2,1,1,5,5,DESKTOP,WINDOWS,0,1,0,0,0,0,0,FALSE
1190,1,1,2,2,1,5,5,DESKTOP,WINDOWS,0,1,0,0,0,0,0,FALSE
1191,1,1,2,1,1,5,5,DESKTOP,WINDOWS,0,0,0,1,0,0,0,FALSE
1192,1,1,2,1,1,5,5,DESKTOP,WINDOWS,1,0,0,0,0,0,0,TRUE
1193,1,1,2,1,1,5,5,DESKTOP,WINDOWS,1,0,0,0,0,0,0,TRUE
1194,1,1,2,1,1,5,5,DESKTOP,WINDOWS,0,1,0,0,0,0,0,FALSE
1195,1,1,2,1,1,5,5,DESKTOP,WINDOWS,0,0,1,0,0,0,0,FALSE
1196,1,1,2,8,1,5,5,DESKTOP,WINDOWS,0,0,0,1,0,0,0,TRUE
1197,1,1,2,2,1,5,5,DESKTOP,WINDOWS,0,0,1,0,0,0,0,FALSE
1198,1,1,1,1,1,5,5,DESKTOP,WINDOWS,0,1,0,0,0,0,0,FALSE
1199,1,1,2,1,1,5,5,DESKTOP,WINDOWS,0,1,0,0,0,0,0,FALSE
1200,1,1,2,1,1,5,5,DESKTOP,WINDOWS,0,1,0,0,0,1,0,TRUE
1201,1,1,2,1,1,5,5,DESKTOP,WINDOWS,0,0,1,0,0,0,0,FALSE
1202,1,1,2,1,1,5,5,DESKTOP,WINDOWS,0,1,0,0,0,0,0,FALSE
1203,1,1,2,1,1,5,5,DESKTOP,WINDOWS,0,1,0,0,1,0,0,FALSE
1204,1,1,2,3,1,5,5,DESKTOP,WINDOWS,1,0,0,0,0,0,0,FALSE
1205,1,1,2,1,1,5,5,DESKTOP,WINDOWS,0,1,0,0,0,0,0,TRUE
1206,1,1,2,2,1,5,5,DESKTOP,WINDOWS,0,1,0,0,1,0,0,FALSE
1207,2,4,8,44,4,5,5,DESKTOP,WINDOWS,2,0,0,0,0,0,0,TRUE
1208,1,2,4,49,1,5,5,DESKTOP,WINDOWS,0,1,0,0,0,0,0,FALSE
1209,1,1,2,1,1,25,25,DESKTOP,WINDOWS,1,0,0,0,0,0,0,FALSE
1210,1,1,2,1,1,25,25,DESKTOP,Linux,0,1,0,0,0,0,0,FALSE
1211,1,1,2,1,1,25,25,DESKTOP,WINDOWS,1,0,0,0,0,0,0,TRUE
1212,1,1,2,1,1,25,25,DESKTOP,MAC-OS,0,0,1,0,1,0,0,FALSE
1213,1,1,2,1,1,25,25,DESKTOP,Linux,1,0,0,0,0,0,0,FALSE
1214,1,1,2,3,1,25,25,DESKTOP,WINDOWS,0,1,0,0,0,0,0,FALSE
1215,1,1,2,1,1,25,25,DESKTOP,WINDOWS,1,0,0,0,0,0,0,FALSE
1216,1,1,2,1,1,25,25,DESKTOP,WINDOWS,1,0,0,0,0,0,0,FALSE
1217,1,1,2,1,1,25,25,DESKTOP,Linux,0,0,1,0,0,0,0,FALSE
1218,1,1,3,1,3,25,25,TABLET,WINDOWS,0,1,0,0,0,0,0,TRUE
1219,1,1,2,1,1,25,25,MOBILE,ANDROID,0,0,1,0,0,0,0,FALSE
1220,1,1,2,4,1,18,18,DESKTOP,MAC-OS,0,0,1,0,0,0,0,FALSE
1221,1,1,2,1,1,18,18,DESKTOP,WINDOWS,0,0,0,1,0,0,0,FALSE
1222,1,4,5,276,1,18,18,DESKTOP,WINDOWS,0,1,0,0,0,0,0,FALSE
1223,1,1,2,1,1,18,18,DESKTOP,WINDOWS,0,0,1,0,0,0,0,FALSE
1224,1,1,2,1,1,18,18,DESKTOP,WINDOWS,0,0,0,1,0,0,0,FALSE
1225,1,1,2,2,1,18,18,DESKTOP,WINDOWS,0,0,1,0,0,0,0,FALSE
1226,1,1,2,2,1,18,18,DESKTOP,WINDOWS,0,1,0,0,0,0,0,FALSE
1227,1,1,2,3,1,18,18,DESKTOP,WINDOWS,0,1,0,0,1,0,0,FALSE
1228,1,1,2,1,1,18,18,TABLET,WINDOWS,0,0,1,0,0,0,0,TRUE
1229,1,1,2,1,1,18,18,DESKTOP,WINDOWS,0,0,1,0,0,0,0,FALSE
1230,1,1,2,1,1,18,18,DESKTOP,WINDOWS,1,0,0,0,0,0,0,FALSE
1231,1,1,2,1,1,18,18,DESKTOP,WINDOWS,0,1,0,0,0,0,0,FALSE
1232,1,1,2,3,1,18,18,DESKTOP,WINDOWS,0,1,0,0,0,0,0,FALSE
1233,1,1,2,1,1,18,18,DESKTOP,WINDOWS,1,0,0,0,0,0,0,FALSE
1234,1,1,2,2,1,18,18,DESKTOP,WINDOWS,0,1,0,0,0,0,0,FALSE
1235,2,4,8,266,4,18,18,DESKTOP,WINDOWS,0,2,0,0,0,0,0,TRUE
1236,1,1,2,2,1,32,32,DESKTOP,MAC-OS,0,0,1,0,0,0,0,FALSE
1237,1,1,2,1,1,32,32,DESKTOP,WINDOWS,0,1,0,0,0,0,0,FALSE
1238,1,1,2,1,1,32,32,DESKTOP,WINDOWS,0,0,1,0,0,0,0,FALSE
1239,1,1,2,2,1,32,32,DESKTOP,WINDOWS,1,0,0,0,0,0,0,FALSE
1240,1,1,2,1,1,32,32,DESKTOP,WINDOWS,1,0,0,0,0,0,0,FALSE
1241,1,1,2,1,1,46,46,DESKTOP,WINDOWS,1,0,0,0,0,0,0,FALSE
1242,1,1,2,6,1,46,46,DESKTOP,WINDOWS,0,0,0,1,0,0,0,FALSE
1243,1,1,2,1,1,46,46,DESKTOP,WINDOWS,0,0,1,0,0,0,0,FALSE
1244,1,1,2,1,1,46,46,DESKTOP,WINDOWS,0,0,1,0,0,0,0,FALSE
1245,1,1,2,1,1,46,46,DESKTOP,WINDOWS,0,1,0,0,0,0,0,FALSE
1246,1,2,4,270,1,46,46,TABLET,Android,0,1,0,0,0,1,0,FALSE
1247,1,1,2,1,1,46,46,DESKTOP,Linux,0,1,0,0,0,0,0,FALSE
1248,1,303,304,54377,1,46,46,DESKTOP,WINDOWS,1,0,0,0,1,0,0,FALSE
1249,1,1,2,1,1,46,46,DESKTOP,WINDOWS,0,0,0,1,0,1,0,FALSE
1250,1,1,2,7,1,46,46,DESKTOP,MAC-OS,0,1,0,0,0,0,0,FALSE
1251,1,1,2,1,1,46,46,DESKTOP,WINDOWS,0,0,0,1,0,0,0,FALSE
1252,1,1,2,1,1,46,46,DESKTOP,WINDOWS,0,1,0,0,0,0,0,FALSE
1253,1,1,2,1,1,46,46,DESKTOP,WINDOWS,0,1,0,0,0,0,0,FALSE
1254,1,1,2,1,1,46,46,DESKTOP,WINDOWS,0,0,1,0,0,0,0,FALSE
1255,1,1,2,2,1,12,12,DESKTOP,WINDOWS,0,1,0,0,0,0,0,FALSE
1256,1,1,2,3,1,12,12,DESKTOP,WINDOWS,1,0,0,0,0,0,0,FALSE
1257,1,1,1,1,1,12,12,DESKTOP,Linux,0,0,0,1,0,0,0,FALSE
1258,1,1,3,1,1,12,12,DESKTOP,WINDOWS,0,1,0,0,0,0,0,FALSE
1259,2,2,4,2,2,12,12,DESKTOP,WINDOWS,2,0,0,0,0,0,0,TRUE
1260,1,2,4,197,3,12,12,DESKTOP,WINDOWS,0,1,0,0,0,0,0,FALSE
1261,1,1,2,2,1,12,12,DESKTOP,WINDOWS,1,0,0,0,0,0,0,TRUE
1262,1,1,2,1,1,12,12,DESKTOP,WINDOWS,0,1,0,0,0,0,0,FALSE
1263,1,1,2,1,1,12,12,DESKTOP,WINDOWS,0,1,0,0,0,0,0,FALSE
1264,1,1,2,1,1,12,12,DESKTOP,WINDOWS,0,1,0,0,0,0,0,FALSE
1265,1,1,2,2,1,12,12,DESKTOP,WINDOWS,0,1,0,0,0,0,0,FALSE
1266,1,1,2,1,1,12,12,DESKTOP,WINDOWS,0,1,0,0,0,0,0,FALSE
1267,1,1,2,1,1,12,12,DESKTOP,WINDOWS,1,0,0,0,0,0,0,FALSE
1268,1,1,2,1,1,12,12,DESKTOP,WINDOWS,0,1,0,0,0,0,0,FALSE
1269,1,1,1,1,1,12,12,DESKTOP,WINDOWS,1,0,0,0,0,0,0,FALSE
1270,2,4,8,548,4,12,12,DESKTOP,WINDOWS,0,0,2,0,0,0,0,TRUE
1271,1,1,1,1,1,12,12,DESKTOP,WINDOWS,0,0,1,0,0,0,0,FALSE
1272,1,1,2,4,1,12,12,DESKTOP,WINDOWS,1,0,0,0,0,0,0,FALSE
1273,1,1,2,1,1,12,12,DESKTOP,WINDOWS,0,1,0,0,0,0,0,FALSE
1274,3,9,18,54,9,12,12,DESKTOP,WINDOWS,0,0,3,0,0,0,0,FALSE
1275,1,1,2,1,1,12,12,DESKTOP,WINDOWS,0,1,0,0,0,0,0,FALSE
1276,1,1,2,1,1,12,12,DESKTOP,WINDOWS,0,1,0,0,0,0,0,FALSE
1277,1,1,2,1,1,12,12,DESKTOP,WINDOWS,0,1,0,0,0,0,0,FALSE
1278,1,1,2,40,1,12,12,DESKTOP,WINDOWS,0,0,0,1,0,0,0,FALSE
1279,1,1,2,1,1,12,12,DESKTOP,WINDOWS,0,1,0,0,0,0,0,FALSE
1280,1,1,2,2,1,12,12,DESKTOP,WINDOWS,0,0,1,0,0,0,0,FALSE
1281,1,1,2,1,1,12,12,DESKTOP,WINDOWS,0,0,1,0,0,0,0,FALSE
1282,1,2,4,245,1,12,12,DESKTOP,WINDOWS,0,0,1,0,0,0,0,FALSE
1283,1,1,2,1,1,12,12,DESKTOP,WINDOWS,0,1,0,0,0,0,0,FALSE
1284,1,2,3,37,1,39,39,DESKTOP,WINDOWS,0,0,0,1,0,0,0,FALSE
1285,1,1,2,3,1,39,39,DESKTOP,WINDOWS,0,1,0,0,0,0,0,FALSE
1286,1,1,2,2,1,39,39,DESKTOP,WINDOWS,1,0,0,0,0,0,0,FALSE
1287,1,1,1,1,1,39,39,DESKTOP,WINDOWS,1,0,0,0,0,0,0,FALSE
1288,1,1,2,1,1,39,39,DESKTOP,WINDOWS,0,0,0,1,0,0,0,FALSE
1289,1,1,2,1,1,39,39,DESKTOP,WINDOWS,0,0,1,0,0,0,0,FALSE
1290,1,1,2,1,1,39,39,DESKTOP,WINDOWS,0,1,0,0,0,0,0,FALSE
1291,1,1,2,1,1,39,39,DESKTOP,WINDOWS,0,0,1,0,0,0,0,FALSE
1292,1,3,6,41,3,39,39,DESKTOP,WINDOWS,0,1,0,0,0,0,0,FALSE
1293,1,1,2,1,1,39,39,DESKTOP,WINDOWS,0,1,0,0,0,0,0,FALSE
1294,1,1,2,1,1,39,39,DESKTOP,WINDOWS,0,0,0,1,0,0,0,FALSE
1295,1,1,2,1,1,39,39,DESKTOP,WINDOWS,0,1,0,0,0,0,0,FALSE